#{"t_start": 1737249588.6718976, "env_id": "None"}
r,l,t
-150.966211,1000,52.376014
-122.238267,1000,111.654895
-329.390167,1000,162.821272
-271.383066,1000,208.074753
-559.619787,1000,312.469548
-278.868852,1000,361.288422
-624.146622,1000,409.962883
-247.876024,1000,456.3235
-466.701906,1000,503.669442
-161.032644,1000,555.677632--297.560138,1000,847.560506
-433.629588,1000,893.495495
-555.906836,1000,940.889802
-259.536742,1000,987.152828
-275.589657,1000,1036.886498
-387.17626,1000,1083.682464
-176.014862,1000,1132.08064
-339.034939,1000,1179.090149
-320.646601,1000,1227.412725
-183.05735,1000,1273.353449--273.149251,1000,1579.847822
-350.324759,1000,1625.127366
-247.669625,1000,1674.363036
-238.093464,1000,1721.218232
-20.960246,218,1732.696536
-233.891532,1000,1781.490602
-245.650535,1000,1827.611699
-208.191676,1000,1877.302483
-203.237783,1000,1923.064415
-138.381198,1000,1976.451213-1-200.232397,1000,2247.451352
-222.066393,1000,2297.281971
-203.282411,1000,2344.397296
-129.639006,1000,2427.313007
-196.9505,1000,2474.904816
-218.616892,1000,2527.852286
-333.822041,1000,2573.650722
-235.353266,1000,2622.423629
-192.554464,1000,2669.019855
-265.926636,1000,2717.8547-20-231.731048,1000,3017.495893
-189.920097,1000,3068.086827
-250.525232,1000,3115.776937
-436.274852,1000,3164.30469
-452.310661,1000,3210.587577
-136.051437,976,3258.496817
-325.390825,1000,3304.241919
-507.661358,1000,3351.221401
-243.225937,1000,3400.079383
-321.429493,1000,3449.8162-138-296.726323,1000,3752.043118
-428.695829,1000,3798.332682
-323.334033,1000,3846.505235
-360.011647,1000,3910.453762
-307.668788,1000,3979.954856
-222.099499,1000,4027.311268
-347.757893,1000,4074.878374
-373.102686,1000,4121.756261
-184.872507,1000,4170.484246
-229.692235,1000,4217.1-241.96-263.3823,1000,4512.662415
-112.150637,1000,4563.223811
-427.122019,1000,4611.779101
-134.563677,1000,4658.679131
-152.122123,1000,4707.139147
-144.640213,1000,4757.017082
-211.146415,1000,4808.716771
-23.84468,291,4824.981784
-227.8049,1000,4936.034391
-151.447249,1000,4993.195327-172.311552,1000,5196.370885
-2-260.766328,1000,5316.942295
-127.158408,1000,5367.379946
-380.199021,1000,5416.777096
-291.561427,1000,5462.875412
-111.701468,1000,5513.940165
-179.178365,1000,5560.694338
-431.536861,1000,5610.022631
-471.479437,1000,5656.436749
-429.152841,1000,5704.26-143.674774,1000,5926.282847
-162.7-474.394207,1000,6051.354234
-210.920811,1000,6101.252553
-294.685828,1000,6151.325092
-192.843751,1000,6199.282303
-323.092487,1000,6246.963424
-146.71486,1000,6294.83462
-222.265273,1000,6343.922895
-227.663676,1000,6389.873443
-260.748637,1000,6439-241.208782,1000,6657.696131
-257.98-153.664279,1000,6773.149896
-199.630169,1000,6820.473601
-136.3476,1000,6871.376294
-334.580089,1000,6922.831184
-212.785045,1000,6970.510945
-137.999068,1000,7017.673828
-255.988491,1000,7066.059948
-124.591341,1000,7113.381426
-118.814753,1000,7169-271.305577,1000,7397.331603
-212.87-193.354205,1000,7454.690615
-172.234169,1000,7501.845719
-399.43155,1000,7549.916292
-289.406819,1000,7597.478408
-228.234485,1000,7647.393287
-124.476086,1000,7702.809553
-142.751123,1000,7750.558707
-131.656229,1000,7798.830577
-141.35044,1000,7845.53-167.404463,1000,8115.939759
-258.8-378.690086,1000,8184.633431
-636.72798,1000,8238.342306
-202.612897,1000,8287.694051
-213.329083,1000,8334.210559
-171.76998,1000,8381.35121
-176.849808,1000,8430.257614
-171.325458,1000,8476.552821
-172.841975,1000,8526.884973
-153.957777,1000,8579.159-267.139825,1000,8846.781364
-164-141.641497,1000,8941.622031
-202.576371,1000,8991.153649
-169.288422,1000,9039.253176
-452.210504,1000,9086.574465
-166.733452,1000,9134.852327
-238.66074,1000,9182.555429
-293.548226,1000,9231.136957
-141.790811,1000,9281.762628
-153.848512,1000,9330.14-235.904522,1000,9569.101214
-1282-178.112989,1000,9683.818907
-172.673616,1000,9732.129606
-297.401549,1000,9780.033099
-180.935743,1000,9829.033247
-143.661689,1000,9878.457954
-145.80464,1000,9928.642341
-140.579132,1000,9977.954895
-162.745689,1000,10026.555931
-108.074001,1000,10077.45752
-122.058958,1000,10-142.78761,1-154.024424,1000,10429.721547
-139.958977,1000,10480.938917
-107.279114,1000,10529.650215
-257.373224,1000,10577.678401
-127.173448,1000,10625.96454
-107.205491,1000,10676.83644
-446.339579,1000,10723.259151
-3.806185,61,10727.194191
-179.025116,1000,10779.655736
-106.462316,1000,10827.022691
-205.10363,1000,10876-131.2493-147.596427,1000,11188.797682
-146.596807,1000,11249.400383
-97.04701,1000,11302.851425
-2.770685,38,11305.605941
-123.560669,1000,11354.569552
-96.826361,1000,11408.684757
-534.541656,1000,11454.309056
-184.352733,1000,11502.079622
-175.29136,1000,11551.758673-2-148.717839,1000,11602.04077-152.303744,1000,12001.922531
-1-262.238948,1000,11946.66790-27-125.538594,1000,12004.91044-14-26.760128,332,12023.896991-1-334.255049,1000,12070.058985-2-166.472884,1000,12117.283305-1-150.837302,1000,12164.559402-1-138.45715,1000,12215.836533-2-132.500513,1000,12263.221627-238.269145,1000,12439.573944
-269.817138,1000,12726.275265
-370.323039,1000,12775.101149
-127.004146,1000,12724.07563
-133.456595,1000,12772.101948
-116.322674,1000,12872.294715
-3.490593,47,12875.377926
-229.335373,1000,12923.43316
-138.033425,1000,12971.263233
-140.832508,1000,13020.949203
-160.846307,1000,13071.673023
-262.5-175.415685,1000,13467.551123
-167.051272,1000,13513.429187
-120.808236,1000,13560.72-1.869946,39,13487.298409
-120.756263,1000,13538.306739
-216.457119,1000,13587.705157
-146.221616,1000,13641.308689
-193.816435,1000,13690.165307
-152.3586,1000,13740.959067
-210.428592,1000,13787.279147
-493.077447-216.257686,1000,14196.67118
-320.846984,1000,14243.641256
-129.529138,1000,14-169.7314,1000,14238.630372
-123.768737,1000,14288.127907
-43.663568,260-175.684398,100-158.148316,1000-103.561819,100-188.237915,1000-158.615847,10-140.971992,1000,-278.13095,100-248.519597,1000-119.922054,100-269.940121,1000-176.473482,1000,14934.824053
-250.096191,1000,14981.55051
-189.125501,1000,15031.808226
-159.123917,100-145.210697,1000-144.203943,100-132.043556,1000-180.500729,10-282.346402,1000,-140.954427,1-187.373501,1000,1-104.12338,99-234.563379,1000-101.542196,100-206.53502,1000,-109.412026,10-254.668458,1000,-211.290605,1000,15662.23643
-230.134083,1000,15710.265561
-113.674507,1000,15758.298829
-239.353697,100-140.247271,1000,15816.200922
-123.247706,1000,15865.905072
-197.991517,1000,15911.923919
-172.178175,1000,15962.642632
-178.080199,1000,16011.910405
-124.866727,1000,16064.370307
-156.447723,10-162.198497,1000,16399.831459
-334.743577,1000,16447.820717
-15.75118,219,16460.139007
-112.529453,1000,-162.37424,1000,16614.551189
-141.42165,1000,16664.266397
-98.376002,1000,16714.228159
-189.399954,1000,16766.143393
-114.031631,1000,16821.390398
-91.986765,1000,16870.401401
-92.755387,1000,-132.532427,10-136.215293,1000,-187.902874,1-143.322434,1000,1-126.636386,1-112.759754,1000,1-149.365419,1-179.956211,1000,17429.037288
-149.946674,1000,17476.996264
-211.991725,1000,17535.097486
-270.441049,1000,17581.825716
-150.043099,1000,17631.164168
-197.912744,1000,17680.007633
-113.276422,1000,17733.57432
-141.884121,1000,17780.51963
-170.30584,1000,17828.474585
-51.161548,722,17868.626285
-141.202322,1000,17916.034171
-314.892792,1000,18227.153302
-172.926378,1000,18277.330932
-119.893492,1000,18325.675982
-121.742113,1000,18373.617837
-194.615287,1000,18419.649215
-189.124742,1000,18468.898298
-104.303943,1000,18518.805332
-175.042807,1000,18567.774411
-86.361046,1000,18620.843073
-305.194019,1000,18670.020106
-241.103628,1000,18947.95861
-147.057284,1000,18998.465826
-125.450619,1000,19048.319558
-179.329166,1000,19098.771233
-179.286871,1000,19151.779232
-962.766759,1000,19203.012477
-125.823122,1000,19250.342499
-216.980504,1000,19300.272078
-93.469535,1000,19355.543793
-105.129884,1000,19406.156672
-162.447249,1000,19661.813444
-104.076474,1000,19712.354211
-193.973755,1000,19761.994157
-136.405442,1000,19808.419411
-522.119242,1000,19898.849344
-183.416769,1000,19945.942448
-680.263803,1000,20005.184807
-114.710897,1000,20056.740453
-414.540028,1000,20126.055595
-247.755828,1000,20175.189708
-164.500316,1000,20506.805908
-218.620609,1000,20556.612057
-204.351904,1000,20604.42155
-243.460101,1000,20650.926125
-190.426962,1000,20701.633228
-470.541737,1000,20749.701151
-187.095773,1000,20799.340345
-571.222729,1000,20845.493523
-114.139271,1000,20894.358941
-426.07657,1000,20943.712492
-145.637084,1000,21217.18007
-120.142601,1000,21264.932868
-10.248639,135,21272.996423
-94.3315,1000,21326.709633
-175.291181,1000,21374.607822
-120.388735,1000,21422.713873
-123.924811,1000,21472.184702
-258.082813,1000,21537.355502
-317.968765,1000,21584.922561
-145.672912,1000,21634.187402
-5.117369,126,21643.3523
-136.519569,1000,21930.569793
-112.845874,1000,22014.966767
-114.869747,1000,22065.409726
-111.054674,1000,22116.818245
-441.117479,1000,22163.480748
-434.966217,1000,22220.975874
-175.279967,1000,22270.088047
-523.633818,1000,22317.15436
-120.52287,1000-86.352428,1000-540.932718,100-127.365436,1000-400.118736,1000,22695.160314
-171.911574,1000,22745.797252
-223.636975,1000,22793.928582
-140.974515,1000,22844.104873
-156.325936,1000,22895.040063
-120.660011,1000,22949.428119
-187.921271,1000,22995.993854
-169.24179-121.162004,1000,2321-141.38515-617.722174,1000,2325-147.67471-111.854761,1000,2330-104.95862,1000,23461.271328
-146.862052,1000,23510.606415
-176.699499,1000,23560.640522
-97.5802,1000,23611.134511
-209.460172,1000,23660.092273
-182.23518,1000,23711.552168
-133.194353,1000,23761.04921
-265.576617,100-130.056484,1000-126.384217,10-96.221704,1000,2-193.169734,1-108.101134,1000,2-246.938666,1000,24184.757217
-224.146905,1000,24232.990571
-127.515209,1000,24298.927837
-105.676638,1000,24347.337782
-128.11544,1000,24398.050757
-225.785306,1000,24445.741552
-182.127037,1000,24512.7696
-11.453007,131,2-478.178933,1000,24710.222128
-216.209547,1000,24760.508453
-123.778194,1000,24811.755981
-128.277333,-531.517645,1000,25045.97267
-121.325809,1000,25094.272081
-137.107215,1000,25145.932101
-158.990361,1000,25193.689663
-110.158964,1000,25244.818577
-149.592294,1000,25291.62815
-116.864771,1000,25340.874158
-165.595821,1000,25389.233876
-198.349197,1000,25439.499305
-199.954133,1000,-129.449047,10-91.104244,1000,25783.313065
-133.10146,1000,25833.36612
-359.719675,1000,25881.224469
-108.147974,1000,25929.448316
-341.308645,1000,25977.236124
-20.857729,271,25993.607302
-100.054828,1000,2604-181.187678,1000,26246.875667
-317.052712,1000,26293.602715
-168.006692,1000,26343.428027
-113.067343,1000,26390.807716
-112.17926-339.230061,1000,26500.228444
-131.582011,1000,26549.128456
-361.20633,1000,26599.034779
-166.470694,1000,26665.678786
-200.427476,1000,26713.547626
-426.148284,1000,26761.99943
-568.513218,1000,2-585.705832,1-202.276891,1000,2-287.426875,1-100.455827,1000,2-135.020653,1-166.752221,1000,2-153.864459,1000,27119.91117
-340.796319,-91.197391,1000,27259.760494
-152.291351,1000,27306.037778
-2.594517,49,27313.514106
-155.770205,1000,27363.135523
-238.194676,1000,27411.547117
-184.246428,1000,2745-100.909279,1000,27709.074823
-143.411737,1000,27758.59987
-337.331946,1000,27806.420942
-143.105207,1000,27854.232636
-198.369816,1000,27904.095721
-123.2448-133.816564,1000,28058.655434
-100.765721,1000,28107.139202
-235.611672,1000,28156.000245
-135.648417,1000,28205.963892
-96.338416,1000,28256.548994
-123.156597,1000,2-100.833432,1-102.73967,1000,28-83.501894,1-522.922191,1000,2-130.533336,1-198.247621,1000,2-124.454343,1-112.288683,1000,2-126.590914,1-193.037621,1000,28797.251392
-101.20699,1000,28846.902021
-93.749791,1000,28895.914238
-208.922591,1000,28943.743106
-96.878947,1000,28993.088395
-109.615198,1000,29045.887979
-464.902842,1000,29092.11594
-175.62171,1000,29144.563916
-569.038352,1000,29189.703247
-827.351406,1000,29236.967927
-198.21271,1000,29513.675248
-121.748084,1000,29564.454782
-103.711453,1000,29614.177565
-352.061132,1000,29686.868433
-26.194337,394,29708.685409
-35.489757,424,-98.49734,1000,29922.273721
-116.907865,1000,29973.377208
-560.053924,1000,30021.985216
-149.36455,1000,30071.350448
-99.378957,1000,30129.165685
-107.124827,1000-91.651176,1000,30258.553237
-1.202919,30,30260.652503
-115.622703,846,30303.817874
-139.619409,1000,30356.092299
-122.118591,1000,3-325.807442,1000,30676.41314
-77.887524,1000,30727.007194
-77.157423,1000,30775.749127
-298.586306,1000,30825.507025
-142.695332,1000,30876.193335
-57.470779,1000,30930.373696
-180.586893,100-183.458208,1000,31048.218582
-90.324383,1000,31164.645191
-56.583841,526,31193.937522
-168.10837,1000,31-116.06441,1000,31458.679997
-120.733775,1000,31506.700498
-131.924869,1000,31559.340794
-67.003511,1000,31608.306334
-131.05132,1000,31660.210787
-280.269323,1000,31708.917442
-228.59851,10-270.623599,1000,31904.45319
-80.289516,1000,31954.141934
-165.707184,1000,32004.428902
-104.546639,1000,3-91.323293,10-91.139737,1000-131.655883,100-130.742135,1000-319.02557,1000-636.621408,100-103.129615,1000-133.176507,100-94.545245,1000,-99.791005,1000,32308.580508
-103.299903,1000,32374.192312
-521.594562,1000,32671.333054
-69.041032,1000,32724.840938
-155.455297,1000,32770.603294
-177.81284,1000,32823.748122
-86.899726,1000,32877.920387
-126.309686,1000,32926.499041
-116.587421,1000,32974.136698
-102.137089,1000,33024.815588
-83.808196,1000,33076.813164
-94.420706,1000,33167.83042
-119.794997,1000,33444.462368
-101.6284,1000,33494.981251
-1.642395,28,33497.23842
-114.161271,1000,33546.569524
-120.637162,1000-155.323097,100-252.756989,1000-108.995599,100-118.104866,1000-184.12329,1000-106.437649,100-119.764072,1000-123.156402,100-172.874235,1000-125.219534,100-134.335921,1000-186.258917,100-88.654809,1000,-168.985731,1000,34179.097479
-111.730208,1000,34236.291217
-104.950002,1000,34285.418643
-164.056312,1000,34338.994007
-99.309197,1000,34388.704437
-106.551374,1000,34437.962063
-100.939,1000,34487.217569
-131.191813,1000,34535.529823
-101.520778,1000,34584.277076
-122.876676,1000,34632.956728
-113.486248,1000,34933.427128
-105.743574,1000,34981.213546
-115.265906,1000,35027.244885
-120.660192,1000,35075.850821
-138.682817,1000,35122.111107
-105.868454,1000,35173.440402
-89.632699,1000,35225.688831
-106.975754,1000,35274.056538
-600.046211,1000,35320.317804
-171.221978,1000,35371.008917
-171.559272,1000,35657.51033
-116.063597,1000,35705.980773
-490.37373,1000,35753.684066
-162.875938,1000,35802.06813
-147.232151,1000,35852.997591
-202.999772,1000,35907.113699
-106.408892,1000,35957.640808
-30.134109,455,35982.43885
-121.319689,1000,36032.239531
-113.675873,1000,36079.517889
-59.877514,469,36102.839812
-17-90.823448,1000,36263.9698-464.678566,1000,36409.63952
-80.839927,1000,36460.838351
-212.350034,1000,36511.265002
-11-74.247284,1000,36747.359952
-490.205104,1000,36795.20312
-427.046061,1000,36842.521822
-68.523258,1000,36891.941532
-121.65126,1000,36939.197015
-123.312034,1000,36995.810422
-81.462879,1000,37046.416424
-143.081527,1000,37095.0456-121.340457,1000,37148.00282
-56.991548,668,37184.749528
-1.0134-116.833935,1000,37491.295313
-23.640316,381,37515.627396
-111.003449,1000,37569.365892
-159.351599,1000,37620.37862
-203.076898,1000,37668.858623
-100.074343,1000,37715.972075
-100.379485,1000,37766.146547
-107.770457,1000,37821.279959
-120.090672,1000,37869.564942
-167.775953,1000,-129.292859,10-167.197902,1000,38209.331177
-81.309798,1000,38258.975027
-163.982471,1000,38309.240696
-126.97564,1000,38356.601186
-150.557489,1000,38405.707602
-158.225767,1000,38452.919788
-146.832949,1000,38502.603504
-9.640084,152,38511.614509
-356.707288,1000,38558.846635
-78.224005,1000,38610.2091
-110.379676,1000-119.865565,100-111.156007,1000,38976.1081
-404.557223,1000,39025.16718
-136.244532,1000,39076.308574
-141.94808,1000,39125.934872
-158.853872,1000,39174.428836
-126.813389,1000,39226.196027
-436.429643,1000,39275.138762
-99.535154,1000,39328.711818
-9.030411,156,39347.317524
-123.206677,1000,39405-73.257961,1000,39331.536323
-148.5142-127.188499,1000,39748.774768
-263.511244,1000,39798.475296
-86.838776,1000,39851.987281
-100.873336,1000,39921.52401
-619.222446,1000,39971.2161
-105.321494,1000,40048.011557
-142.599256,1000,40097.470491
-169.027734,1000,40146.847997
-718.584661,1000,40197.171731
-301.769792,1000,40249.000811
-139.641481,1000,40608.978114
-136.685721,1000,40657.592334
-333.936704,1000,40706.891641
-125.670728,1000,40758.757212
-133.063752,1000,40807.192988
-23.723052,272,40822.929187
-514.466319,1000,40871.271827
-173.746874,1000,40921.145929
-124.414902,1000,40970.936241
-102.081803,1000,41023.915047
-107.978832,1000,41078.409481
-101.338988,1000,41383.539589
-129.50669,1000,41438.093516
-84.111305,1000,41493.324598
-386.106191,1000,41542.148118
-124.730231,1000,41591.08958
-117.500405,1000,41643.376416
-368.102822,1000,41692.006553
-284.16962,1000,41742.812903
-26.237038,379,41766.377459
-443.226992,1000,41836.813567
-83.853451,810,41878.855888
-466.502279,1000,42175.891824
-270.952285,1000,42225.697322
-89.56974,1000,42272.069893
-167.648719,1000,42320.540356
-346.784475,1000,42370.212793
-37.409159,350,42389.647211
-82.916151,1000,42439.088292
-18.327561,309,42458.843082
-89.147191,1000,42510.110346
-303.847491,1000,42557.450647
-121.147104,1000,42608.838958
-174.974738,1000,42879.318977
-362.026104,1000,42929.453115
-115.003031,1000,42976.143045
-552.542442,1000,43022.871333
-106.35922,1000,43073.034771
-165.88455,1000,43140.910152
-137.457975,1000,43189.897166
-631.476301,1000,43237.815402
-82.156902,1000,43292.956001
-22.468069,296,43312.85932
-102.013295,1000,43370.132029
-118.849048,1000,43674.410475
-174.470189,1000,43724.82617
-135.987504,1000,43775.024617
-119.161701,1000,43827.850888
-256.742951,1000,43878.525725
-154.68238,1000,43931.879746
-20.835448,294,43949.047048
-109.265808,1000,43997.722353
-132.260006,1000,44045.630836
-77.730316,1000,44100.101133
-556.443958,1000,44403.545456
-152.127867,1000,44456.942668
-103.780548,1000,44509.602174
-146.256446,1000,44559.16902
-130.552005,1000,44612.180296
-143.525288,1000,44661.834089
-270.698216,1000,44711.255158
-83.829565,1000,44766.782003
-141.328897,1000,44818.414153
-133.216472,1000,44866.80196
-88.006559,1000,45144.04024
-514.346387,1000,45191.518095
-86.561956,1000,45242.377836
-719.212773,1000,45289.800249
-111.58666,1000,45337.958466
-143.899749,1000,45389.505014
-674.911495,1000,45436.014353
-62.191689,1000,45504.98283
-122.677148,1000,45552.039818
-141.470381,1000,45602.481144
-174.579289,1000,45859.024693
-139.66779,1000,45909.040255
-146.523032,1000,45956.971463
-107.256263,1000,46011.098584
-390.322078,1000,46060.252621
-229.015396,1000,46111.108693
-301.533216,1000,46160.525308
-93.138451,1000,46209.815689
-148.222276,1000,46273.125921
-109.36158,1000,46326.137887
-113.833532,1000,46634.900709
-93.953179,1000,46687.208754
-151.705984,1000,46736.829481
-88.946133,1000,46786.417812
-104.651825,1000,46835.647997
-165.531492,1000,46883.825587
-148.461586,1000,46936.809936
-4.837404,112,46944.073004
-387.959574,1000,46994.505095
-14.048472,223,47008.627014
-127.811176,1000,47061.694914
-29.75363,293,47080.22-170.9-59.377753,1000,47135.78814
-105.723311,1000,47467.032828
-101.608367,1000,47516.62964
-161.475482,1000,47567.336339
-155.214694,1000,47618.64283
-199.009077,1000,47667.290893
-144.954706,1000,47715.132723
-114.912083,1000,47767.48-134.8-162.112081,1000,47817.511711
-125.520749,1000,47873.309225
-176.898344,1000,47922.211799
-125.01156,1000,48158.740455
-145.934392,1000,48206.87998
-738.810173,1000,48253.50623
-97.635343,1000,48304.288482
-286.855797,1000,48356.386122
-120.390163,1000,48406.975814
-123.813143,1000,48520.814162
-69.555209,818,48592.203005
-108.761682,1000,48638.593626
-328.324676,1000,48688.971895
-6.716406,144,48698.086569
-178.113559,1000,48961.526402
-86.135358,1000,49012.82374
-12.43392,123,49019.003645
-168.486583,1000,49071.531146
-89.88279,1000,49125.967685
-374.997478,1000,49177.456499
-126.263123,1000,49227.934697
-158.866324,1000,49279.533761
-90.372132,1000,49331.903229
-176.088185,1000,49381.181638
-6.181741,101,49387.349627
-10.576393,170,49397.57-114.2-47.376858,1000,49695.249543
-167.648589,1000,49742.333405
-130.230546,1000,49816.306656
-488.239886,1000,49863.529241
-152.723366,1000,49915.986414
-93.445717,1000,49971.225875
-122.413356,1000,50038.068605
-509.626537,1000,50083.227472
-127.696492,1000,50132.384698
-96.389391,1000,50181.997389
-76.791997,1000,50480.97521
-118.789378,1000,50530.377569
-192.029867,1000,50583.23298
-203.496846,1000,50634.926266
-147.870228,1000,50686.921757
-133.27927,1000,50738.351752
-103.993225,1000,50788.45864
-430.854691,1000,50835.470763
-18.12999,332,50855.083193
-344.463948,1000,50902.939431
-103.219885,1000,50951.409097
-142.193611,1000,51253.13303
-192.826471,1000,51300.099495
-168.028727,1000,51350.327732
-162.752012,1000,51400.207391
-129.979297,1000,51452.43911
-281.137744,1000,51498.327028
-103.155804,1000,51548.437042
-159.967248,1000,51598.361916
-99.081691,1000,51649.88685
-294.256495,1000,51698.528097
-175.231845,1000,51989.508996
-115.912394,1000,52040.884803
-263.064209,1000,52087.557313
-11.347067,115,52093.291195
-130.002697,1000,52141.554644
-137.063426,1000,52193.451428
-116.007067,1000,52243.377602
-124.208239,1000,52295.172367
-88.524461,1000,52343.905563
-134.023393,1000,52393.662544
-96.320619,1000,52442.13019
-108.969808,1000,52733.236404
-80.098007,1000,52785.114986
-85.338025,1000,52833.929437
-136.536325,1000,52880.752811
-95.577425,1000,52931.920255
-152.822581,1000,52980.371118
-117.324251,1000,53028.42031
-107.20083,1000,53084.657215
-30.177058,341,53103.132538
-92.782605,1000,53154.975329
-130.269856,1000,53206.39247
-3.76992,66,53210.339117
-196.799994,1000,53502.955288
-86.685743,1000,53554.537835
-127.20521,1000,53603.219539
-164.716001,1000,53653.689266
-69.218725,1000,53706.862383
-20.350617,348,53727.751476
-133.04251,1000,53776.765767
-79.347975,1000,53827.995055
-151.111484,1000,53875.975578
-113.347542,1000,53927.602398
-138.591537,1000,54202.61056
-84.605355,1000,54259.588027
-109.402484,1000,54308.82903
-145.51073,1000,54358.260129
-120.123827,1000,54412.169061
-65.115148,1000,54475.87552
-79.749146,1000,54527.511345
-578.359374,1000,54574.605843
-556.824332,1000,54620.070023
-120.207098,1000,54671.682355
-140.832076,1000,54965.258265
-116.731869,1000,55013.865319
-84.334437,1000,55063.026927
-83.941983,1000,55118.533049
-108.781313,1000,55168.707039
-180.472295,1000,55218.807591
-155.825443,1000,55265.352484
-112.725213,1000,55314.987362
-9.566125,175,55325.614869
-100.556179,1000,55374.264589
-77.496168,1000,55428.780959
-106.03588,1000,55716.873478
-102.222577,1000,55765.650865
-325.144765,1000,55815.408814
-15.741947,225,55828.138722
-172.795126,1000,55874.974838
-159.24601,1000,55922.967453
-532.409241,1000,55972.751047
-117.967525,1000,56020.807026
-115.460371,1000,56069.21822
-132.063101,1000,56123.130605
-102.393285,1000,56172.056635
-108.022265,1000,56467.442422
-49.974241,577,56501.547096
-109.627525,1000,56548.670961
-164.922322,1000,56595.136849
-114.939863,1000,56642.825537
-98.131571,1000,56696.965615
-72.953446,1000,56745.65977
-441.399842,1000,56794.381174
-401.573195,1000,56841.554986
-74.631575,1000,56888.43529
-457.188733,1000,57142.25428
-516.23668,1000,57187.742529
-74.089402,1000,57240.123879
-126.230897,1000,57288.005749
-108.221322,1000,57334.131673
-215.75411,1000,57382.896893
-22.571906,415,57412.271887
-132.157789,1000,57461.95994
-122.459711,1000,57511.6696
-38.010943,409,57534.842648
-232.424368,1000,57585.020496
-618.684628,1000,57875.156212
-77.316533,1000,57933.94416
-607.124585,1000,57979.820957
-362.681752,1000,58027.683448
-95.876421,1000,58081.640188
-108.140151,1000,58132.114839
-217.370314,1000,58182.613753
-88.960513,1000,58230.658242
-155.323882,1000,58278.375641
-178.134755,1000,58326.674123
-8.2156,116,58333.569488
-87.143621,1000,58619.831145
-272.953664,1000,58668.766041
-177.375336,1000,58719.49926
-109.819889,1000,58770.033583
-98.321685,1000,58817.13345
-158.743622,1000,58866.624531
-436.12176,1000,58914.211834
-87.946872,1000,58963.866762
-98.87822,1000,59012.657931
-95.209158,1000,59060.138183
-161.753133,1000,59317.603189
-31.408785,482,59344.329597
-108.960579,1000,59395.023665
-176.345282,1000,59443.139991
-104.471812,1000,59491.949098
-128.638025,1000,59540.289782
-67.569676,1000,59589.847131
-127.608308,1000,59638.0697
-96.26489,1000,59689.943129
-122.884063,1000,59737.183083
-660.796711,1000,59784.205314
-98.421392,1000,59994.679727
-95.47492,1000,60048.7361
-145.661033,1000,60094.602531
-102.537849,1000,60141.687789
-113.064713,1000,60188.72542
-328.990854,1000,60238.4468
-174.075105,1000,60288.446667
-113.179629,1000,60340.484652
-134.339177,1000,60389.859221
-265.2457,1000,60440.038463
-12.740365,213,60454.932758
-436.205294,1000,60746.254422
-11.829571,217,60760.488605
-126.10343,1000,60807.021151
-213.558403,1000,60858.220012
-121.454141,1000,60904.927251
-128.045027,1000,60955.785668
-308.059121,1000,61005.590837
-117.003763,1000,61053.928607
-187.429786,1000,61101.538746
-103.423356,1000,61150.38764
-77.512898,1000,61440.473645
-163.2324,1000,61490.082578
-128.216619,1000,61537.438196
-8.949904,135,61545.129669
-143.279346,1000,61594.616952
-112.247988,1000,61644.254313
-94.183436,1000,61693.135144
-115.098086,1000,61744.168904
-214.225273,1000,61790.993063
-79.856747,1000,61848.685796
-125.605352,1000,61898.413637
-444.398346,1000,62193.191143
-95.938959,1000,62248.543937
-141.704902,1000,62296.267426
-358.919764,1000,62345.529191
-122.067816,1000,62394.098098
-88.997253,1000,62442.42032
-297.640566,1000,62489.147162
-97.40116,1000,62539.196877
-17.15778,289,62554.733218
-149.733105,1000,62606.980552
-22.522728,217,62617.93435
-97.312381,1000,62668.600129
-88.388405,1000,62963.993678
-94.307062,1000,63010.821385
-12.902007,148,63018.349361
-85.212629,1000,63069.857281
-92.324697,1000,63123.145573
-82.349836,1000,63171.154805
-389.253492,1000,63218.825246
-144.275978,1000,63264.981361
-232.925245,1000,63312.957275
-391.155073,1000,63362.502506
-465.776369,1000,63408.511548
-86.871399,1000,63699.509665
-87.533832,1000,63750.129136
-106.961273,1000,63802.283862
-62.967665,1000,63853.183636
-22.839284,262,63870.913407
-473.110763,1000,63917.009868
-103.479683,1000,63966.639933
-183.821326,1000,64015.394539
-358.355545,1000,64063.710762
-90.867762,1000,64116.38606
-415.462635,1000,64374.320879
-108.277298,1000,64425.496437
-249.493466,1000,64475.967614
-108.01921,1000,64523.679144
-103.01809,1000,64574.718469
-185.811705,1000,64622.274312
-78.990264,1000,64671.793709
-412.795148,1000,64718.917392
-89.360057,1000,64765.449081
-107.749782,1000,64817.025144
-141.291886,1000,65098.637839
-100.965634,1000,65145.865485
-509.641925,1000,65190.548489
-345.24811,1000,65235.846598
-294.148482,1000,65282.917043
-120.604033,1000,65331.642076
-92.225089,1000,65376.867003
-138.83899,1000,65423.646117
-218.491449,1000,65470.665079
-98.271496,1000,65518.743905
-117.310913,1000,65803.65797
-107.497917,1000,65852.997742
-199.195238,1000,65899.651478
-13.213895,289,65919.132601
-182.993692,1000,65967.618119
-32.482092,488,65995.538226
-108.85101,1000,66043.035076
-103.488194,1000,66093.274594
-530.436891,1000,66138.862067
-218.597097,1000,66185.735315
-468.550751,1000,66234.31902
-321.847895,1000,66281.310139
-153.317594,1000,66557.913156
-86.24098,1000,66610.823257
-94.576592,1000,66657.448567
-116.09931,1000,66705.101799
-61.985239,638,66744.619241
-160.850143,1000,66792.92941
-6.116532,82,66797.994644
-104.657045,1000,66845.25654
-94.403764,1000,66893.955682
-142.029966,1000,66942.278187
-128.851826,1000,66990.860734
-158.941896,1000,67273.802182
-116.754644,1000,67320.359129
-10.939485,127,67328.393716
-176.568085,1000,67375.485943
-134.308413,1000,67431.61349
-154.765795,1000,67480.783324
-88.659859,1000,67529.513054
-112.521949,1000,67579.289173
-293.878268,1000,67628.075396
-121.508886,1000,67680.002926
-55.761494,1000,67732.340295
-107.53614,1000,67983.978842
-113.295573,1000,68032.428719
-163.522946,1000,68079.611602
-75.479585,1000,68129.142798
-90.424676,1000,68178.127099
-335.207271,1000,68227.564791
-79.900888,1000,68274.825754
-74.364356,1000,68322.879598
-86.703866,1000,68372.224145
-108.507858,1000,68419.120632
-118.537512,1000,68716.490269
-124.145558,1000,68768.299172
-384.414103,1000,68814.746886
-31.344147,638,68859.805757
-88.137633,1000,68910.15416
-113.925419,1000,68956.610433
-110.218025,1000,69011.791512
-94.148214,1000,69057.842375
-170.856174,1000,69111.501635
-68.502766,1000,69160.003664
-115.877255,1000,69462.650289
-163.68479,1000,69509.529583
-59.799229,1000,69563.462646
-184.765248,1000,69614.664052
-104.215405,1000,69661.94705
-65.310422,1000,69711.655202
-86.913467,1000,69760.310914
-146.121366,1000,69808.669763
-119.739349,1000,69859.248356
-419.010216,1000,69907.337895
-285.702935,1000,70196.402194
-81.885846,1000,70247.94668
-278.9465,1000,70297.88331
-76.723607,1000,70346.649812
-84.230082,1000,70401.73866
-115.546284,1000,70448.01711
-99.454214,1000,70504.975914
-207.220764,1000,70550.085461
-125.466416,1000,70597.421214
-124.740473,1000,70648.207416
-269.382021,1000,70938.325861
-127.971584,1000,70985.186114
-130.935069,1000,71034.294307
-125.99196,1000,71080.926641
-69.160054,1000,71128.076409
-104.058536,985,71184.022432
-193.972422,1000,71230.136086
-76.66234,1000,71277.033378
-72.777804,1000,71334.606612
-144.174546,1000,71380.089117
-74.169093,1000,71646.083092
-80.959602,1000,71700.193508
-55.25468,1000,71755.0075
-112.881655,1000,71803.534333
-8.320723,131,71812.232187
-111.621699,1000,71858.740879
-124.6152,1000,71906.200177
-237.168269,1000,71956.302119
-117.428948,1000,72003.832449
-26.431987,343,72022.273195
-340.798446,1000,72072.669887
-177.033017,1000,72122.442613
-55.388804,716,72368.724866
-43.267141,1000,72423.030035
-89.005935,1000,72469.691224
-58.289602,1000,72519.512362
-106.817568,1000,72567.827237
-61.98538,1000,72624.354966
-77.383463,1000,72673.262905
-101.402326,1000,72727.212624
-135.941656,1000,72777.961854
-70.958918,1000,72829.882063
-23.020512,312,72847.02324
-76.316503,1000,73104.719479
-79.284963,1000,73153.027731
-90.364794,1000,73202.489762
-83.041293,1000,73255.430457
-145.454696,1000,73315.194098
-84.184029,1000,73366.943259
-165.052785,1000,73413.086277
-101.112204,1000,73459.048409
-97.729263,1000,73507.275463
-108.015528,1000,73555.088889
-80.12737,1000,73846.544633
-99.829,1000,73903.814026
-70.291401,1000,73951.286509
-77.887128,1000,73997.81243
-98.656655,1000,74053.167114
-62.752409,1000,74108.594864
-77.469038,1000,74157.137964
-86.519492,1000,74204.216441
-119.11522,1000,74258.139081
-69.146718,1000,74319.036095
-311.572466,1000,74583.340233
-245.074831,1000,74632.745167
-103.866092,1000,74685.182945
-102.281,1000,74735.332443
-77.625466,1000,74783.844102
-105.056772,1000,74832.871805
-97.373047,1000,74888.189636
-86.490268,1000,74942.207092
-144.158772,1000,74987.752299
-106.475697,1000,75040.294172
-72.777324,1000,75310.139406
-70.002788,1000,75360.926235
-106.139119,1000,75413.953033
-99.281571,1000,75469.047734
-64.867875,1000,75528.174305
-70.486459,1000,75580.969691
-63.305351,1000,75642.766325
-61.656755,1000,75691.186234
-5.778779,117,75697.788434
-85.256332,1000,75758.131014
-108.958239,1000,76051.298139
-349.03998,1000,76098.132757
-494.126634,1000,76147.472073
-75.695037,1000,76206.400335
-64.276943,1000,76269.770972
-161.062605,974,76316.96032
-56.122054,1000,76368.426181
-150.73365,1000,76416.434904
-62.742109,1000,76464.444741
-100.20953,1000,76512.668407
-74.52914,1000,76773.067246
-358.882483,1000,76822.493257
-62.872599,1000,76881.469832
-75.549835,1000,76930.131468
-78.607418,1000,76979.39094
-76.24972,1000,77033.392284
-112.926781,1000,77083.176626
-116.688857,1000,77136.056741
-451.660346,1000,77182.729963
-94.858345,1000,77234.297117
-134.853453,1000,77491.465561
-132.562655,1000,77540.139646
-4.996516,94,77545.63329
-164.490716,1000,77596.135987
-178.121843,1000,77645.441082
-70.558219,1000,77696.298901
-153.391932,1000,77744.954708
-106.991304,1000,77799.159518
-13.04967,259,77814.25712
-50.59802,1000,77873.010551
-161.556941,1000,77918.740661
-96.430308,1000,77965.531576
-83.089419,1000,78268.446415
-76.75878,1000,78318.716157
-51.146918,1000,78378.615433
-64.165552,1000,78447.032037
-55.539431,1000,78509.536762
-130.980483,1000,78564.532401
-59.732352,1000,78621.421862
-85.262352,1000,78671.095639
-119.146013,1000,78717.088803
-120.352534,1000,78766.106419
-69.039669,1000,79033.327975
-79.258473,1000,79088.763535
-129.781083,1000,79134.83411
-479.442421,1000,79182.251147
-173.309423,1000,79229.474254
-107.944393,1000,79278.405345
-38.619387,719,79315.856923
-18.023024,263,79330.243838
-86.217,1000,79378.651975
-95.070928,1000,79427.971006
-69.393549,1000,79478.813899
-69.638655,1000,79792.741816
-302.983631,1000,79840.131749
-72.973795,1000,79898.75178
-143.705828,1000,79952.720627
-116.675849,1000,80006.638819
-59.557724,1000,80057.771693
-66.214484,1000,80108.443825
-92.292062,1000,80156.02791
-280.466439,1000,80203.790907
-15.185335,202,80214.922426
-93.307104,1000,80274.896713
-109.661477,1000,80586.769616
-72.929632,1000,80646.436623
-91.496058,1000,80692.04473
-120.560349,1000,80746.96087
-19.166419,238,80759.045064
-111.383742,1000,80809.052005
-191.417145,1000,80858.496055
-65.161404,1000,80920.6428
-8.035139,218,80934.838292
-49.860437,483,80963.048021
-9.104333,146,80971.523257
-98.462129,1000,81026.250954
-42.178507,1000,81080.900587
-143.123627,1000,81384.545342
-195.577059,1000,81432.274137
-77.357574,1000,81477.766869
-144.853127,1000,81526.955996
-59.275501,1000,81576.603797
-66.232234,1000,81638.040136
-80.019902,1000,81697.159209
-15.117981,268,81713.239928
-214.007775,1000,81764.324442
-4.783346,72,81768.630757
-273.066521,1000,81815.330004
-68.298373,1000,81866.040693
-322.961138,1000,82144.64843
-92.136339,1000,82194.04548
-99.002459,1000,82256.811427
-76.466604,1000,82303.639011
-223.063984,1000,82351.518121
-50.034287,1000,82409.263369
-73.036318,1000,82457.978842
-79.349502,1000,82506.390176
-94.276069,1000,82552.411239
-513.599873,1000,82596.549458
-272.582107,1000,82905.23854
-275.4671,1000,82959.077369
-159.311343,1000,83006.021517
-28.726886,503,83036.942995
-75.692696,1000,83084.926346
-62.216284,1000,83135.857356
-68.488261,1000,83184.833481
-275.045788,1000,83232.386601
-83.860987,1000,83278.488498
-75.923997,1000,83328.545076
-79.260263,1000,83640.244568
-25.849491,488,83669.356487
-81.49919,1000,83721.668898
-167.909778,1000,83769.175644
-109.098936,1000,83817.939528
-60.743864,1000,83876.234658
-420.223214,1000,83922.084239
-4.595336,90,83928.558072
-79.211728,1000,83977.791117
-55.129564,1000,84026.573536
-62.527505,1000,84084.137197
-444.495091,1000,84408.581475
-56.057922,1000,84476.335715
-85.486454,1000,84526.740304
-89.156914,1000,84577.537946
-67.078119,1000,84626.764037
-176.490942,1000,84674.314788
-94.485708,1000,84723.124048
-93.633313,1000,84772.180167
-138.777067,1000,84817.678923
-49.214277,1000,84878.36609
-59.834326,1000,85179.066023
-151.183223,1000,85225.98359
-71.677329,1000,85273.915987
-98.724182,1000,85326.741764
-55.983102,1000,85381.865215
-64.808549,1000,85432.414564
-72.613409,1000,85481.121549
-57.092737,1000,85532.791654
-85.006324,1000,85579.170593
-71.631177,1000,85626.654991
-264.599472,1000,85917.746101
-68.895024,1000,85972.630143
-51.949295,1000,86028.665935
-185.435076,1000,86075.825811
-63.298306,1000,86127.285368
-419.402438,1000,86173.610235
-105.415628,1000,86220.11191
-170.162423,1000,86268.695445
-88.922685,1000,86318.154906
-88.872216,1000,86366.723041
-81.590062,1000,86681.549043
-238.781917,1000,86730.224024
-95.486836,1000,86782.195233
-72.692911,1000,86833.443151
-75.603334,1000,86886.613051
-48.71671,1000,86944.111309
-83.472236,1000,86994.036281
-1188.080526,1000,87040.014595
-96.605716,1000,87088.285537
-79.369958,1000,87141.167749
-154.298099,1000,87437.115964
-615.352701,1000,87481.203655
-90.277995,1000,87528.001274
-135.160909,1000,87575.405947
-55.403824,1000,87628.86684
-65.05641,1000,87687.870621
-97.529682,1000,87740.6854
-169.338815,1000,87794.32691
-72.434418,1000,87846.066328
-80.746589,1000,87896.914534
-98.064126,1000,88162.448801
-87.903281,1000,88212.363445
-250.201529,1000,88264.049851
-71.603381,1000,88315.872447
-85.114537,1000,88366.465523
-74.63249,1000,88414.746738
-98.734974,1000,88469.206976
-79.373429,1000,88517.757594
-78.944505,1000,88564.803924
-83.784261,1000,88612.748209
-64.690858,1000,88921.324775
-151.199045,1000,88970.555881
-69.03718,1000,89018.899048
-102.250165,1000,89065.320113
-92.478427,1000,89111.799535
-71.997904,1000,89160.957183
-134.224716,1000,89216.839425
-167.665042,1000,89263.747862
-175.629461,1000,89311.769234
-67.438393,1000,89359.140697
-66.26601,1000,89656.959332
-53.840126,1000,89711.557958
-76.906006,1000,89765.761583
-102.821808,969,89812.043223
-174.781322,1000,89859.288049
-70.223387,1000,89910.713692
-111.715114,1000,89961.106011
-70.54897,1000,90009.967727
-68.965709,1000,90062.459924
-143.274463,1000,90114.427207
-133.461656,1000,90401.65426
-133.539445,1000,90453.205307
-104.113132,1000,90503.146674
-53.90885,1000,90552.957498
-84.315325,1000,90602.333416
-214.190437,1000,90647.658991
-70.728628,1000,90698.56331
-87.933657,1000,90749.618646
-71.70378,1000,90798.729036
-92.84742,1000,90848.930588
-115.571253,1000,91148.27576
-86.955561,1000,91198.764572
-76.731605,1000,91248.132397
-69.419381,1000,91310.028754
-5.355143,151,91322.177355
-94.352658,1000,91370.412119
-25.529396,463,91396.190509
-94.202655,1000,91445.667302
-57.202392,1000,91515.775906
-92.969472,1000,91562.42684
-91.805167,1000,91612.657143
-319.90159,1000,91659.430099
-91.563427,1000,91901.153555
-79.629326,1000,91948.207234
-66.815192,1000,91999.549712
-69.771734,1000,92050.670436
-101.381942,1000,92097.777622
-119.848605,1000,92154.167646
-69.585351,1000,92208.994126
-119.066901,1000,92259.054375
-85.743988,1000,92309.864185
-266.919526,1000,92356.074705
-2132.339628,1000,92637.882018
-27.800185,622,92681.246603
-179.13613,1000,92731.019169
-176.971989,1000,92780.374426
-62.551893,1000,92831.217958
-646.315979,1000,92879.849097
-70.00553,1000,92928.645661
-230.869014,1000,92978.810952
-105.40829,1000,93025.534474
-82.375192,1000,93082.496563
-59.351661,1000,93371.847205
-73.196203,1000,93421.01337
-189.725463,1000,93468.106941
-56.502467,1000,93521.329109
-585.487718,1000,93567.43892
-61.979249,1000,93619.709676
-65.690508,1000,93675.25527
-106.610412,1000,93724.6461
-123.985023,1000,93772.98245
-236.626916,1000,93821.63922
-77.487915,1000,94130.464468
-76.959619,1000,94178.560747
-73.435296,1000,94228.863405
-245.93896,1000,94274.457394
-80.150097,1000,94324.525192
-60.716371,1000,94374.951452
-3.018004,57,94379.221797
-44.779777,1000,94437.052454
-92.275427,1000,94484.101185
-293.933779,1000,94532.341965
-316.141202,1000,94580.768294
-63.476523,1000,94853.941782
-94.549665,1000,94905.406055
-71.615119,1000,94955.019382
-92.76938,1000,95006.242739
-102.621482,1000,95056.913232
-175.270881,1000,95105.312185
-93.693829,1000,95155.825764
-94.064538,1000,95202.509486
-77.023411,1000,95250.574987
-91.54951,1000,95296.204764
-102.915441,1000,95598.584666
-68.24507,1000,95646.302474
-87.4111,1000,95695.863791
-94.293231,1000,95742.420038
-145.035483,1000,95788.03938
-92.459567,1000,95839.176775
-65.606346,1000,95891.172768
-752.301534,1000,95935.49832
-109.709433,1000,95984.10211
-71.44157,1000,96032.585568
-76.726588,1000,96276.473359
-80.483518,1000,96321.725145
-66.828888,1000,96375.004679
-242.753258,1000,96422.957981
-76.833525,1000,96472.56788
-70.348727,1000,96521.960099
-75.248409,1000,96572.572365
-91.371818,1000,96623.237703
-79.063142,1000,96671.837294
-75.432027,1000,96724.461684
-62.258922,1000,97012.823044
-29.429697,488,97048.978911
-121.498975,1000,97095.661309
-132.151192,1000,97143.176788
-264.877201,1000,97190.863816
-63.485584,1000,97242.43559
-76.751224,1000,97290.496318
-191.009139,1000,97342.655272
-89.766599,1000,97390.878659
-81.934197,1000,97447.766384
-76.12835,1000,97495.439818
-68.461871,1000,97791.560683
-81.021303,1000,97839.305247
-173.680547,1000,97888.925728
-54.729017,1000,97949.139431
-95.14179,1000,97997.898713
-21.78331,431,98024.004619
-116.514429,1000,98070.652361
-100.724907,1000,98122.379636
-113.951275,1000,98167.734152
-109.668919,1000,98219.61217
-77.476814,1000,98468.064042
-73.188883,1000,98518.171609
-56.598641,1000,98569.828481
-122.489009,1000,98618.236983
-83.431719,1000,98666.065953
-79.607251,1000,98713.85825
-86.111174,1000,98762.123909
-100.828489,1000,98807.063387
-83.56863,1000,98856.273369
-86.603979,1000,98906.87602
-57.34634,1000,99193.849947
-89.741614,1000,99242.789589
-68.347537,1000,99291.704237
-322.046081,1000,99338.610122
-529.043332,1000,99388.247977
-75.110084,1000,99443.58985
-105.909039,1000,99493.346471
-88.709829,1000,99539.34686
-56.035758,1000,99593.422709
-82.157019,1000,99643.675307
-4.171735,75,99649.107142
-98.279489,1000,99942.777517
-71.497106,1000,99992.6555
-155.835608,1000,100041.317128
-90.734332,1000,100091.773888
-84.629445,1000,100141.214777
-83.00958,1000,100187.285811
-76.320045,1000,100234.575437
-144.787654,1000,100283.818541
-4.546886,124,100292.247945
-56.327805,1000,100343.447556
-6.389165,113,100350.307337
-67.089405,1000,100398.296686
-61.311286,1000,100654.929861
-57.618088,1000,100704.426191
-135.19605,1000,100751.299664
-68.828049,1000,100802.763432
-55.359592,1000,100858.253124
-54.115501,1000,100913.945228
-80.968469,743,100955.741596
-79.801518,1000,101005.129895
-2.240544,46,101008.406854
-81.706025,1000,101056.925568
-96.157356,1000,101105.129863
-105.325781,1000,101360.791144
-80.345058,1000,101410.901682
-66.54342,1000,101463.218734
-77.135664,1000,101511.971221
-67.806507,1000,101563.796033
-76.878511,1000,101613.399889
-88.464239,1000,101661.965745
-84.018889,1000,101714.79982
-68.253857,1000,101770.230474
-86.937328,1000,101818.645118
-50.275598,1000,102142.370518
-114.770939,1000,102189.893356
-65.016207,1000,102237.897908
-56.503266,1000,102291.608389
-56.767326,1000,102344.318975
-148.028907,1000,102391.004801
-67.657117,1000,102442.657054
-31.988507,599,102477.752058
-79.194828,1000,102526.995424
-41.193384,1000,102585.384652
-69.625928,1000,102637.967403
-92.764021,1000,102921.951079
-7.638397,165,102932.359856
-105.912978,1000,102980.587853
-320.29063,1000,103029.107415
-53.983341,1000,103088.965613
-19.038739,190,103100.270305
-62.525423,1000,103150.895519
-431.629614,1000,103196.847638
-82.604125,1000,103245.471842
-131.576949,1000,103295.190727
-56.942681,1000,103347.093599
-50.590124,1000,103679.416013
-84.608327,1000,103733.661998
-116.694782,1000,103784.131002
-75.385191,1000,103833.479874
-69.134081,1000,103896.293929
-168.609888,1000,103944.149703
-97.580146,1000,103991.905876
-636.127631,1000,104038.46779
-4.744339,102,104045.6216
-84.642834,1000,104095.645039
-86.350085,1000,104144.968404
-82.45393,1000,104458.166683
-89.278993,1000,104508.223958
-59.883,1000,104561.941635
-52.810933,1000,104615.731432
-85.685061,1000,104666.82581
-94.410139,1000,104716.443898
-193.57388,1000,104760.970371
-81.717467,1000,104809.063382
-422.882522,1000,104855.958489
-56.178635,1000,104917.380743
-92.444829,1000,105239.622823
-84.835291,1000,105289.394313
-85.400904,1000,105340.876431
-93.491665,1000,105388.865464
-123.54356,1000,105442.428678
-104.750198,1000,105491.34324
-190.815183,1000,105544.981982
-66.755445,1000,105599.010914
-113.762,1000,105655.71171
-116.932748,1000,105705.290804
-90.194531,1000,106023.351772
-3.318358,72,106028.356039
-109.768387,1000,106074.805529
-102.541026,1000,106123.819932
-50.654654,1000,106179.777213
-86.162139,1000,106227.678694
-52.17372,1000,106281.621622
-98.314989,1000,106336.194848
-64.953127,1000,106387.888619
-90.86793,1000,106435.341496
-78.583026,1000,106487.01224
-90.723378,1000,106810.88928
-117.244404,1000,106862.361055
-71.906315,1000,106917.686119
-88.710341,1000,106967.812381
-82.01256,1000,107018.933241
-178.193592,1000,107065.907461
-98.470698,1000,107116.570893
-79.798041,1000,107167.317693
-72.079411,1000,107215.582761
-65.305626,1000,107266.782592
-50.077717,1000,107576.599111
-55.259774,1000,107633.588786
-97.299703,1000,107686.03259
-100.715323,1000,107738.337544
-85.256952,1000,107791.386929
-62.979634,1000,107842.946483
-104.785283,1000,107896.860098
-111.885366,1000,107949.772566
-270.888273,1000,108000.063101
-209.607771,1000,108049.335143
-95.408246,1000,108325.996656
-120.781251,1000,108377.618391
-45.318621,1000,108434.655294
-225.170993,1000,108486.910509
-126.050009,1000,108537.427546
-84.947907,1000,108588.96626
-65.111995,1000,108639.726509
-126.472624,1000,108688.797627
-384.799493,1000,108735.811318
-334.762832,1000,108782.716172
-153.115027,1000,109079.272086
-78.819438,1000,109136.040518
-107.660884,1000,109185.052455
-84.76174,1000,109235.971685
-67.004741,1000,109294.92316
-27.137717,598,109335.064328
-95.486326,1000,109381.421084
-169.917182,1000,109431.194804
-112.218364,1000,109478.380665
-94.653488,1000,109527.298784
-47.1715,1000,109834.982459
-93.308245,1000,109893.672657
-86.444378,1000,109943.500768
-88.324442,1000,109992.557039
-53.652385,1000,110057.812439
-81.445968,1000,110114.735334
-172.093801,1000,110164.707504
-250.766244,1000,110216.592155
-65.357696,1000,110264.324626
-75.175016,1000,110312.925305
-76.185226,1000,110645.470979
-4.927087,76,110650.888828
-116.302944,1000,110703.939024
-282.241424,1000,110751.286004
-94.871914,1000,110801.535022
-74.395424,1000,110866.244647
-104.222125,1000,110926.408944
-139.022692,1000,110973.30341
-138.391529,1000,111020.128849
-292.065778,1000,111066.883381
-76.514653,1000,111122.138354
-163.657033,1000,111416.076414
-57.266878,1000,111480.134216
-78.949134,1000,111539.607711
-407.795117,1000,111587.645579
-145.42513,1000,111642.101354
-186.612571,1000,111690.682898
-78.541143,971,111738.654665
-89.030419,1000,111792.727298
-47.963813,1000,111849.366271
-548.810572,1000,111896.99544
-300.61473,1000,112201.084277
-68.682164,1000,112249.487664
-112.918769,1000,112297.271485
-62.244451,1000,112346.999858
-68.739563,1000,112395.650625
-57.855238,1000,112444.619627
-137.298275,1000,112495.868812
-91.847877,1000,112544.094989
-60.225554,1000,112604.04135
-41.7509,1000,112664.900761
-58.08596,1000,112975.098178
-11.056553,223,112991.119601
-371.43781,1000,113040.605021
-93.463596,1000,113090.353767
-62.643455,1000,113143.6238
-90.469664,1000,113192.740276
-95.971153,1000,113241.013885
-87.364215,1000,113291.35518
-153.808086,1000,113339.522486
-85.817462,1000,113388.536571
-134.390394,1000,113437.880941
-133.268237,1000,113749.912985
-84.11344,1000,113797.431865
-86.03684,1000,113853.170522
-162.079392,1000,113900.830963
-214.771358,1000,113950.612661
-143.721881,1000,114003.924451
-16.794464,345,114030.574749
-85.128381,1000,114085.291396
-91.163591,1000,114135.061827
-97.220859,1000,114184.065361
-103.856366,1000,114232.846147
-2.98095,45,114235.808692
-258.696024,1000,114533.498645
-86.681614,1000,114581.407431
-103.162259,1000,114634.705304
-91.00739,1000,114684.864713
-3.430035,52,114688.110933
-80.700402,1000,114737.474983
-88.630281,1000,114785.367412
-86.19255,1000,114834.735337
-127.006498,1000,114884.327214
-83.783318,1000,114935.70357
-91.53162,1000,114983.064584
-62.651264,1000,115288.012633
-183.023491,1000,115334.692432
-957.483354,1000,115385.620728
-77.906536,1000,115434.315197
-99.585274,1000,115482.704967
-159.132955,1000,115530.622327
-82.311491,1000,115580.372517
-120.063381,1000,115630.065042
-146.745031,1000,115677.644428
-224.053678,1000,115732.692624
-89.963609,1000,116043.596787
-215.72712,1000,116090.754242
-99.811924,1000,116151.561434
-78.405698,1000,116202.773434
-276.004233,1000,116254.044383
-89.388485,1000,116301.822188
-75.473829,1000,116352.085892
-93.972073,1000,116399.336448
-191.688938,1000,116451.843895
-88.389447,1000,116500.909175
-149.81182,1000,116808.631339
-100.524174,1000,116855.628737
-96.689755,1000,116904.938556
-166.002132,1000,116951.729124
-230.319256,1000,117006.090165
-231.79871,1000,117056.755284
-107.097326,1000,117104.06579
-87.283405,1000,117152.989432
-98.273352,1000,117209.692471
-55.59739,1000,117268.939988
-218.014209,1000,117524.880004
-134.710826,1000,117578.847724
-68.348787,1000,117631.160338
-96.326304,1000,117682.58973
-178.009578,1000,117732.808779
-2.348384,26,117734.334626
-86.335081,1000,117784.086285
-215.961429,1000,117838.491006
-140.130454,1000,117886.015356
-77.461711,1000,117934.249112
-109.997267,1000,117984.898225
-73.496087,1000,118244.012039
-217.451626,1000,118294.356063
-64.212396,1000,118358.084424
-113.550886,1000,118404.378809
-154.722941,1000,118452.616675
-118.517872,1000,118499.486079
-106.954206,1000,118549.596099
-95.320888,1000,118599.357087
-82.120813,1000,118649.384066
-48.593672,1000,118705.618404
-88.591554,1000,119024.924226
-152.53903,1000,119072.443451
-82.781321,1000,119132.007419
-111.363631,1000,119181.307676
-47.500938,1000,119250.5927
-179.877362,1000,119299.229563
-580.455825,1000,119347.227559
-75.14055,1000,119397.378485
-169.887736,1000,119443.621799
-71.099595,1000,119489.934191
-92.016478,1000,119792.555064
-259.082126,1000,119839.352384
-109.855021,1000,119887.09389
-77.498539,1000,119936.430143
-94.88841,1000,119986.5052
-254.049418,1000,120035.106039
-66.516804,1000,120086.760431
-142.122881,1000,120138.322407
-358.94416,1000,120186.210074
-286.01893,1000,120234.271578
-91.059255,1000,120533.297204
-51.360203,1000,120587.74137
-208.451047,1000,120634.209252
-79.913208,1000,120682.683641
-55.305413,1000,120734.296396
-74.582375,1000,120782.958972
-170.580932,1000,120836.303469
-224.544276,1000,120883.079702
-83.866084,1000,120934.610369
-104.230286,1000,120980.137116
-80.35816,1000,121278.481972
-87.395397,1000,121329.811552
-134.353201,1000,121380.186527
-270.817215,1000,121426.587693
-178.115393,1000,121482.11362
-81.479163,1000,121532.374457
-137.883607,1000,121582.944957
-90.093894,1000,121630.294229
-191.897998,1000,121676.696863
-88.514052,1000,121723.175866
-7.579244,103,121729.202594
-17.091855,401,122032.252827
-72.712593,1000,122078.837648
-84.527588,1000,122126.38997
-70.493582,1000,122175.697676
-160.444574,1000,122224.611955
-81.27363,1000,122272.189043
-106.77773,1000,122325.630644
-112.110416,1000,122378.065726
-266.905438,1000,122428.333981
-86.03958,1000,122477.7579
-114.176896,1000,122773.48375
-122.352329,1000,122823.528292
-98.297851,1000,122872.292849
-176.116548,1000,122920.070076
-53.794219,1000,122993.314641
-296.431131,1000,123043.043583
-63.077423,1000,123095.389088
-103.2805,1000,123144.439754
-112.143358,1000,123197.451461
-200.814473,1000,123246.914758
-127.222741,1000,123559.19379
-67.109377,1000,123618.008046
-7.250674,141,123626.198447
-113.617432,1000,123677.867981
-43.644616,1000,123740.122105
-74.501365,1000,123792.43006
-51.870049,1000,123847.02203
-120.137376,1000,123894.199738
-90.889564,1000,123945.930531
-177.006689,1000,123996.241017
-94.262132,1000,124043.561697
-9.548669,197,124060.023331
-246.150718,1000,124359.654717
-7.260377,179,124370.8271
-100.55945,1000,124417.288935
-77.276395,1000,124466.323842
-55.142312,1000,124519.279041
-233.615001,1000,124566.599882
-102.774899,1000,124614.387214
-78.475666,1000,124664.806897
-61.188161,1000,124717.539258
-223.954933,1000,124764.787091
-129.003479,1000,124814.504655
-70.102535,1000,125090.190345
-75.831887,1000,125141.749111
-100.607331,1000,125191.061258
-6.407632,147,125200.127333
-99.534464,1000,125251.925913
-91.247544,1000,125312.132954
-247.062518,1000,125357.682079
-89.757678,1000,125406.248262
-194.705212,1000,125453.990871
-86.996459,1000,125510.32968
-126.254405,1000,125559.337047
-79.935602,1000,125891.322875
-82.397335,1000,125943.52916
-307.060658,1000,125989.270062
-78.211532,1000,126046.084284
-402.886088,1000,126094.307495
-94.790279,1000,126147.766841
-54.164188,1000,126204.988966
-99.00491,1000,126254.940258
-295.698581,1000,126305.391339
-109.216175,1000,126352.420062
-83.155753,1000,126647.366108
-68.634031,1000,126699.051177
-80.800623,1000,126748.971541
-252.762612,1000,126798.914168
-84.182211,1000,126847.489085
-62.977458,1000,126900.823012
-69.4977,1000,126963.981628
-56.553252,1000,127018.132221
-284.903637,1000,127064.364851
-72.203629,1000,127115.476701
-203.829084,1000,127435.575102
-100.749843,1000,127484.956086
-58.927224,1000,127535.49109
-294.424675,1000,127584.021315
-89.824863,1000,127635.208401
-91.069942,1000,127682.344495
-89.026258,1000,127730.569893
-92.709956,1000,127777.449112
-7.529877,174,127788.890153
-5.000921,73,127794.23695
-61.615289,1000,127848.766662
-58.912794,1000,128157.955587
-79.720069,1000,128207.280864
-328.443469,1000,128255.876215
-89.337961,1000,128301.344833
-92.231559,1000,128351.252558
-97.627165,1000,128400.332273
-93.862923,1000,128448.44796
-68.448044,1000,128496.243095
-17.79787,314,128519.847118
-85.836666,1000,128566.726866
-77.15914,1000,128613.677369
-287.460287,1000,128906.321193
-85.337204,1000,128954.546961
-53.961023,1000,129008.697198
-152.481093,1000,129060.935464
-85.050477,1000,129109.944593
-88.220804,1000,129156.66366
-123.262864,1000,129204.694021
-67.391891,1000,129256.494583
-90.82287,1000,129304.330968
-41.682175,1000,129376.996789
-107.510134,1000,129671.563407
-61.233822,1000,129721.851759
-96.894586,1000,129768.237131
-208.12823,1000,129816.201821
-190.317681,1000,129869.968891
-55.941534,1000,129922.752556
-79.100373,1000,129970.697024
-67.186015,1000,130026.042517
-95.860646,1000,130073.386611
-55.469588,1000,130126.115108
-74.29921,1000,130410.278064
-64.962961,1000,130458.491097
-253.630471,1000,130505.040367
-85.120379,1000,130553.020259
-116.30245,1000,130602.315904
-236.600691,1000,130653.20813
-66.850757,1000,130702.418152
-279.308685,1000,130752.676657
-211.118971,1000,130797.899526
-86.253243,1000,130847.711989
-91.660044,1000,131157.520365
-110.840028,1000,131204.5827
-50.325266,1000,131259.762893
-272.944577,1000,131307.901739
-79.226495,1000,131369.673827
-228.614193,1000,131415.509621
-90.920839,1000,131464.157168
-200.97415,1000,131512.178024
-80.93298,1000,131565.017207
-70.950981,1000,131626.304979
-57.629198,1000,131941.099188
-101.551633,1000,131995.534973
-97.883595,1000,132042.948834
-75.713788,1000,132094.001535
-276.851566,1000,132140.356381
-63.003856,1000,132205.20191
-81.078751,1000,132253.386927
-110.87663,1000,132301.076582
-50.012564,1000,132354.577353
-69.458953,1000,132419.07408
-183.899254,1000,132710.799714
-48.713399,1000,132766.040803
-76.146067,1000,132817.570549
-74.602617,1000,132864.717589
-73.146773,1000,132915.213382
-133.940668,1000,132971.110739
-175.826271,1000,133021.113133
-196.486457,1000,133072.267886
-60.300646,1000,133123.908239
-99.518432,1000,133172.450153
-50.639916,1000,133512.135996
-92.519521,1000,133560.739665
-71.755341,1000,133609.498465
-62.976533,1000,133662.541291
-76.247619,1000,133713.7729
-86.028314,1000,133767.314808
-161.094925,1000,133816.960131
-132.331616,1000,133866.652121
-56.052404,1000,133919.157214
-57.866671,1000,133979.691157
-179.51651,1000,134282.976695
-89.695359,1000,134332.225934
-85.744895,1000,134380.595773
-106.218923,1000,134425.132449
-65.426903,1000,134481.101734
-5.769133,226,134495.561675
-198.202384,1000,134543.647664
-68.916872,1000,134606.696483
-99.62726,1000,134656.438244
-68.710758,1000,134706.219573
-223.695116,1000,134754.395245
-79.009797,1000,135063.376353
-59.034997,1000,135119.792666
-296.901357,1000,135168.650457
-84.617863,1000,135217.979668
-90.712592,1000,135273.697992
-219.278595,1000,135321.3861
-137.636801,1000,135372.756037
-78.899277,1000,135420.381814
-96.598368,1000,135469.529037
-164.764076,1000,135517.200337
-114.367518,1000,135820.880768
-408.444407,1000,135864.609883
-76.132238,1000,135914.914719
-99.404332,1000,135961.470139
-99.080542,1000,136008.46
-99.262661,1000,136055.904462
-109.448414,1000,136103.200676
-144.305432,1000,136150.039447
-96.399076,1000,136208.43244
-109.026198,1000,136256.766314
-131.623186,1000,136547.40099
-56.434155,1000,136601.957132
-88.436677,1000,136649.456437
-157.751224,1000,136697.825109
-75.167393,1000,136746.329209
-62.047003,1000,136805.952497
-70.621236,1000,136868.204009
-90.623013,1000,136915.108492
-67.809529,1000,136975.427945
-133.903345,1000,137021.627817
-62.469368,1000,137309.686274
-148.312491,1000,137358.912588
-108.330956,1000,137406.190097
-91.882057,1000,137454.243902
-196.503613,1000,137503.636935
-78.537435,1000,137553.957479
-76.599814,1000,137600.968655
-94.087858,1000,137649.88266
-55.515982,1000,137699.158408
-85.052533,1000,137749.064128
-86.308898,1000,138046.961028
-73.083589,1000,138094.958775
-55.143499,1000,138145.01082
-99.541303,1000,138193.054381
-42.745385,1000,138256.814702
-65.693383,1000,138306.244169
-105.254132,1000,138353.637356
-142.15694,1000,138400.103083
-85.095431,1000,138447.63993
-134.703284,1000,138493.545038
-139.873309,1000,138808.85389
-89.573309,1000,138859.245399
-98.582812,1000,138907.006919
-69.188938,1000,138957.957675
-91.752382,1000,139005.541084
-100.580464,1000,139053.042824
-67.282301,1000,139103.689327
-67.011202,1000,139153.005894
-141.947954,1000,139200.944505
-108.070111,1000,139256.829077
-82.705411,1000,139556.232113
-89.096563,1000,139603.894057
-101.867206,1000,139651.817768
-30.587327,1000,139721.420598
-117.233739,1000,139768.074069
-56.324761,1000,139821.824511
-117.720197,1000,139869.801267
-47.820027,1000,139939.342674
-81.034364,1000,139990.687118
-33.696982,857,140048.291023
-66.736983,1000,140348.140437
-97.057723,1000,140395.59704
-76.524611,1000,140449.708689
-197.338729,1000,140500.806649
-77.142012,1000,140549.430558
-332.144627,1000,140599.126434
-152.59602,1000,140647.361884
-96.342421,1000,140694.663954
-145.280787,1000,140740.934863
-90.575258,1000,140791.220867
-89.384987,1000,141087.129319
-107.566176,1000,141138.656679
-99.282168,1000,141186.915946
-52.062616,1000,141242.785527
-252.70995,1000,141290.872171
-108.306729,1000,141336.18337
-63.442465,1000,141395.646659
-233.349778,1000,141448.30487
-91.878129,1000,141497.90256
-100.746642,1000,141548.342761
-327.887541,1000,141870.94952
-156.581876,1000,141917.613737
-89.944077,1000,141967.979388
-117.556402,1000,142016.993319
-105.453699,1000,142069.475299
-169.390869,1000,142118.863225
-98.498934,1000,142168.162958
-104.444144,1000,142214.432377
-100.186398,1000,142269.721745
-114.034703,1000,142323.162633
-63.964136,1000,142632.660843
-102.561245,1000,142682.449998
-411.836751,1000,142727.708736
-101.779442,1000,142777.775658
-5.634911,107,142784.160251
-85.765532,1000,142836.510334
-73.646811,1000,142884.783681
-102.115376,1000,142931.874998
-76.639107,1000,142998.378432
-55.587217,1000,143057.405238
-220.397776,1000,143107.877614
-44.716035,1000,143418.108292
-167.972536,1000,143464.265676
-168.732442,1000,143510.725403
-149.790801,1000,143559.003496
-121.23929,1000,143609.457973
-86.986946,1000,143660.826966
-182.523033,1000,143706.138448
-169.833979,1000,143756.987758
-87.074886,1000,143808.113837
-192.487653,1000,143854.031771
-64.15292,1000,144164.720044
-91.796734,1000,144218.39432
-106.177597,1000,144266.711216
-87.228109,1000,144316.873325
-79.280465,1000,144368.721809
-173.267143,1000,144414.650376
-113.153918,1000,144464.367479
-72.42653,1000,144520.375664
-85.705172,1000,144573.033025
-341.405355,1000,144624.260457
-73.170508,1000,144883.769208
-79.113955,1000,144935.353085
-106.831433,1000,144983.978789
-104.467357,1000,145038.000185
-91.81549,1000,145087.062028
-67.695886,1000,145135.306172
-93.737017,1000,145185.213228
-114.170268,1000,145233.6155
-191.350613,1000,145280.833557
-75.676766,1000,145342.950093
-85.046,1000,145633.076637
-95.954342,1000,145681.584573
-78.173414,1000,145732.649178
-242.663275,1000,145785.514035
-49.371519,1000,145846.750485
-117.650643,1000,145896.617213
-93.994145,1000,145944.313054
-97.315184,1000,145998.233514
-93.076552,1000,146054.447915
-84.701979,1000,146102.131202
-151.02937,1000,146401.934034
-90.967411,1000,146453.547596
-140.115742,1000,146499.383447
-126.486155,1000,146544.460562
-101.092421,1000,146599.304279
-98.179958,1000,146650.219872
-101.216114,1000,146697.322914
-106.868099,1000,146751.28771
-190.642601,1000,146800.628462
-75.05515,1000,146848.033555
-280.27406,1000,147163.026266
-10.189777,208,147175.142926
-96.645359,1000,147221.657518
-73.847989,1000,147271.529676
-91.006898,1000,147318.694175
-80.186308,1000,147365.188555
-406.129553,1000,147410.340719
-106.653139,1000,147459.511519
-81.199879,1000,147517.164805
-65.100649,1000,147567.864375
-86.973271,1000,147618.944698
-92.171762,1000,147883.654854
-63.32724,1000,147938.27604
-61.338121,1000,147996.674708
-67.160613,1000,148048.695495
-85.832842,1000,148096.391152
-159.071226,1000,148143.596506
-64.723175,1000,148199.97471
-8.649079,119,148206.901161
-98.491761,1000,148255.17435
-100.45748,1000,148302.862648
-92.713515,1000,148570.617755
-9.787742,265,148587.405772
-84.665857,1000,148634.394213
-81.743757,1000,148683.690087
-103.614164,1000,148739.722822
-25.118748,537,148770.179797
-12.697055,187,148781.945383
-191.057899,1000,148829.371072
-13.612817,278,148847.559349
-110.006497,1000,148892.935454
-80.852187,1000,148941.649445
-71.229449,1000,148992.993036
-9.426193,182,149003.436709
-90.233294,1000,149055.394838
-74.383481,1000,149348.225101
-515.734637,1000,149393.767572
-93.793283,1000,149444.683536
-72.157142,1000,149494.384575
-74.998466,1000,149543.591728
-77.497831,1000,149590.156496
-7.67716,201,149603.426867
-124.072052,1000,149649.840358
-69.078537,1000,149707.028617
-63.134695,1000,149761.814175
-78.080235,1000,149811.401347
-817.793481,1000,150112.331478
-72.291355,1000,150158.699965
-9.167202,207,150172.307299
-125.212576,1000,150220.643614
-54.636886,1000,150274.332269
-110.651162,1000,150324.472552
-98.606219,1000,150373.052652
-79.301233,1000,150420.850377
-312.933971,1000,150469.142651
-48.40128,1000,150525.097862
-198.704004,1000,150578.380388
-90.767241,1000,150823.895826
-100.278865,1000,150872.703395
-88.116904,1000,150930.40122
-79.530165,1000,150980.768603
-4.284595,70,150984.671594
-72.594158,1000,151034.622562
-188.984841,1000,151083.054338
-76.15037,1000,151132.198659
-100.540529,1000,151187.67505
-80.895372,1000,151235.670193
-78.305526,1000,151283.974424
-72.890607,1000,151537.424229
-62.186674,1000,151586.933735
-82.558231,1000,151635.407477
-117.327876,1000,151681.842731
-91.146762,1000,151729.362019
-55.472353,1000,151784.108562
-82.322603,1000,151836.323254
-59.763599,1000,151899.66865
-37.462831,1000,151962.569088
-259.982637,1000,152009.734064
-93.330541,1000,152333.898379
-114.388856,1000,152382.848919
-273.622908,1000,152432.181447
-42.815359,1000,152497.009252
-85.537693,1000,152547.903517
-51.585767,1000,152605.864469
-73.599753,1000,152656.328736
-55.860359,1000,152708.641164
-244.450777,1000,152758.963889
-205.153716,1000,152804.730822
-271.10507,1000,153082.942686
-84.063631,1000,153129.705201
-76.428523,1000,153178.340796
-197.70411,1000,153234.742804
-64.544876,1000,153287.417618
-40.048246,1000,153347.935753
-112.252704,1000,153393.052048
-81.151001,1000,153438.489999
-48.878509,1000,153497.542784
-83.885162,1000,153548.370191
-82.194956,1000,153831.960277
-129.480837,1000,153877.527653
-91.635278,1000,153925.149909
-81.051422,1000,153976.637651
-205.34402,1000,154028.220093
-48.705305,1000,154077.405382
-79.626593,1000,154131.494258
-82.461489,1000,154180.528886
-53.700791,1000,154238.698203
-56.701969,1000,154290.843544
-66.568269,1000,154592.700056
-63.00088,1000,154652.588063
-192.237298,1000,154702.16907
-50.205807,1000,154753.990313
-101.401585,1000,154804.945715
-87.113319,1000,154857.765075
-186.004019,1000,154906.401955
-106.381378,1000,154952.118955
-72.587072,1000,155001.759567
-106.938728,1000,155049.355056
-271.921605,1000,155333.345609
-79.10657,1000,155386.230283
-107.836569,1000,155438.027721
-73.247266,1000,155486.460947
-117.336982,1000,155533.810095
-88.246417,1000,155582.235697
-158.98493,1000,155629.526198
-109.33402,1000,155676.236582
-52.263568,1000,155727.028583
-4.769606,37,155729.165033
-42.45706,1000,156037.316857
-116.413759,1000,156082.973153
-76.676604,1000,156133.628936
-88.447525,1000,156184.42042
-90.476863,1000,156233.208882
-152.454491,1000,156279.367389
-114.371768,1000,156325.473739
-48.035094,1000,156383.182806
-74.226237,1000,156432.814409
-63.680225,1000,156485.017002
-350.620608,1000,156792.449419
-62.35376,1000,156842.284915
-257.299788,1000,156887.009553
-106.803132,1000,156934.827497
-118.579524,1000,156984.143485
-90.685105,1000,157032.601313
-65.681912,1000,157082.214287
-78.352195,1000,157131.751564
-136.061221,1000,157179.553674
-228.453419,1000,157225.855936
-75.545814,1000,157527.467086
-93.490494,1000,157575.596634
-77.58917,1000,157624.022685
-205.384582,1000,157671.275049
-12.663434,240,157689.384217
-87.618486,1000,157738.875677
-122.664178,1000,157784.340899
-108.681384,1000,157834.513618
-57.050542,1000,157883.93138
-100.733375,1000,157930.241482
-112.097348,1000,157975.895374
-185.562594,1000,158265.758657
-57.37375,1000,158329.567556
-118.902271,1000,158395.688389
-71.386383,1000,158443.261578
-80.612596,1000,158493.431535
-127.950343,1000,158538.404878
-84.466893,1000,158587.10933
-97.437966,1000,158633.498061
-62.194666,1000,158682.769046
-5.734407,48,158685.825258
-81.097295,1000,158733.653288
-111.842748,1000,159013.774604
-92.995982,1000,159063.402864
-142.011284,1000,159112.435606
-36.075801,1000,159174.821998
-53.114499,1000,159227.974006
-77.092379,1000,159275.006745
-118.638198,1000,159320.968178
-91.588358,1000,159367.455518
-81.604699,1000,159415.217361
-182.553911,1000,159461.19418
-76.586427,1000,159755.532649
-85.967081,1000,159805.35033
-145.419613,1000,159851.97509
-88.614899,1000,159898.714805
-53.052024,1000,159951.150287
-85.520358,1000,159998.864511
-77.128163,1000,160047.668113
-87.750856,1000,160094.239886
-160.42688,1000,160141.601802
-66.873701,1000,160190.166096
-104.501855,1000,160482.114373
-91.044881,1000,160528.205487
-198.413809,1000,160574.046062
-54.246311,1000,160639.252573
-80.96046,1000,160688.478694
-76.566027,1000,160736.02509
-161.612362,1000,160789.347758
-122.197067,1000,160835.661109
-66.697848,1000,160884.002965
-68.870725,1000,160931.247382
-79.753608,1000,161228.679728
-132.672261,1000,161275.313868
-72.85191,1000,161323.755503
-206.222288,1000,161371.130787
-72.389463,1000,161418.544376
-124.139633,1000,161465.135578
-78.622678,1000,161516.188975
-209.204112,1000,161563.558361
-72.535746,1000,161612.515976
-77.124476,1000,161661.070486
-246.620676,1000,161908.08046
-86.37701,1000,161956.785456
-224.429534,1000,162002.660595
-81.37856,1000,162052.78142
-50.799454,1000,162111.763865
-78.835059,1000,162161.000538
-107.957516,1000,162207.951163
-81.726999,1000,162256.806006
-110.688857,1000,162302.21567
-71.794663,1000,162352.549445
-63.802054,1000,162656.261641
-99.10129,1000,162703.59285
-87.338379,1000,162752.007343
-79.970166,1000,162802.1626
-248.684295,1000,162848.966765
-60.951827,1000,162899.685919
-85.523606,1000,162953.329394
-23.983803,350,162971.522499
-104.326918,1000,163024.188222
-84.865866,1000,163071.949162
-68.365335,1000,163123.454422
-297.959878,1000,163413.860832
-69.672589,1000,163474.362323
-53.208023,1000,163534.437558
-70.770793,1000,163583.001194
-69.458356,1000,163632.909237
-93.831549,1000,163680.860574
-114.072442,1000,163726.249466
-159.760689,1000,163774.828687
-112.559262,1000,163819.954154
-124.079486,1000,163868.990925
-73.322906,1000,164162.095662
-27.913446,517,164191.712142
-79.034908,1000,164244.808201
-39.647907,484,164270.906816
-91.124828,1000,164320.859771
-53.091876,1000,164372.073992
-186.390433,1000,164417.916262
-95.692711,1000,164467.286749
-48.942906,900,164527.509363
-107.412649,1000,164572.578336
-90.689846,1000,164620.731928
-68.942001,1000,164892.236636
-54.562557,1000,164948.480512
-61.042335,1000,165006.28311
-168.098988,1000,165053.12216
-88.005728,1000,165101.600022
-67.803827,1000,165155.183214
-110.81512,1000,165200.686847
-272.699454,1000,165248.85229
-192.347115,1000,165295.518544
-151.203648,1000,165348.677604
-13.147345,244,165364.176862
-265.228262,1000,165618.385275
-95.736974,1000,165675.126208
-184.383193,1000,165721.6044
-99.522021,1000,165773.027624
-79.594946,1000,165827.067878
-108.661447,1000,165877.204089
-52.715269,1000,165933.368352
-54.431012,1000,165994.343474
-49.973188,1000,166053.578106
-67.724395,1000,166112.956084
-101.008797,1000,166396.489229
-75.103301,1000,166442.336277
-105.724974,1000,166488.576655
-85.823506,1000,166534.833422
-71.60484,1000,166588.957944
-44.745969,1000,166646.823497
-105.197806,1000,166695.825774
-87.13119,1000,166742.393648
-281.108442,1000,166788.18159
-100.206644,1000,166834.134152
-83.446128,1000,167123.859507
-75.185255,1000,167173.091767
-78.115829,1000,167222.143951
-167.814226,1000,167273.315736
-49.16717,1000,167329.150398
-87.378677,1000,167375.224936
-62.700461,1000,167426.043629
-82.242329,1000,167473.033112
-93.758933,1000,167518.833798
-116.351426,1000,167564.01189
-90.267467,1000,167844.911508
-108.109291,1000,167890.658587
-51.265949,1000,167947.767722
-112.495286,1000,167997.99244
-57.551988,1000,168056.595482
-92.805435,1000,168103.356655
-106.322353,1000,168149.244829
-214.7881,1000,168198.661553
-134.574448,1000,168252.133385
-138.54176,1000,168304.999465
-69.311536,1000,168607.900664
-83.387609,1000,168657.373217
-60.905313,1000,168710.318037
-68.645633,1000,168759.140626
-86.752177,1000,168807.999833
-78.14169,1000,168855.739316
-79.420723,1000,168909.175395
-95.496795,1000,168957.261755
-148.80583,1000,169007.262819
-225.051456,1000,169054.288807
-180.013176,1000,169359.299155
-113.655251,1000,169406.205193
-145.072406,1000,169454.394759
-168.97198,1000,169503.588805
-82.756776,1000,169551.395141
-254.143243,1000,169597.724747
-77.244333,1000,169644.152052
-198.404502,1000,169691.1761
-75.54547,1000,169737.02661
-68.628139,1000,169793.055469
-144.652584,1000,170103.385293
-52.057477,1000,170160.512101
-62.276358,1000,170211.834828
-56.526739,1000,170265.880628
-84.647398,1000,170313.313323
-214.788448,1000,170359.281425
-82.366462,1000,170410.657205
-74.232981,1000,170469.532553
-76.850648,1000,170518.274691
-96.507597,1000,170569.238428
-116.817437,1000,170824.872503
-66.08393,1000,170876.284662
-61.584358,1000,170936.522083
-201.492385,1000,170983.221643
-107.387952,1000,171028.735933
-83.684965,1000,171080.724302
-353.983166,1000,171127.508365
-121.407914,1000,171177.697018
-67.627047,1000,171233.606078
-72.907673,1000,171286.927212
-283.641485,1000,171568.492412
-127.496353,1000,171618.369261
-51.715163,1000,171671.38939
-76.421162,1000,171720.738315
-97.68582,1000,171775.543172
-90.655851,1000,171828.257845
-370.20571,1000,171877.339003
-96.101752,1000,171926.333092
-56.579577,1000,171981.031975
-95.194465,1000,172036.738136
-72.537567,1000,172330.84475
-113.036145,1000,172375.968765
-114.24162,1000,172432.221974
-90.241823,1000,172479.800105
-127.925168,1000,172530.845504
-77.968479,1000,172578.5666
-81.871484,1000,172635.774066
-69.154231,1000,172685.857102
-90.399353,1000,172736.60564
-77.439821,1000,172781.856336
-219.701688,1000,173087.717912
-83.591906,1000,173135.952654
-234.21681,1000,173182.705992
-79.319604,1000,173228.771341
-28.887791,317,173244.411432
-96.130422,1000,173291.557507
-69.575995,1000,173349.229833
-134.080062,1000,173396.860832
-60.205066,1000,173448.642931
-100.13142,1000,173501.602704
-104.530986,1000,173805.587202
-79.489948,1000,173853.975213
-99.484766,1000,173907.732693
-83.052919,1000,173955.532713
-48.173712,1000,174017.044755
-70.563108,1000,174072.680264
-76.597562,1000,174118.788321
-84.344534,1000,174165.401708
-60.900683,1000,174213.079969
-90.8965,1000,174258.527414
-43.733754,1000,174564.353727
-102.010578,1000,174610.179224
-52.309835,1000,174666.41446
-69.636339,1000,174716.533628
-84.008794,1000,174765.156636
-107.066127,1000,174811.328468
-82.74446,1000,174871.389948
-73.399735,1000,174932.968749
-406.132034,1000,174981.432655
-93.442823,1000,175027.219235
-225.450334,1000,175330.975857
-71.831283,1000,175384.372649
-72.324838,1000,175434.754427
-204.844617,1000,175480.377719
-111.499825,1000,175525.84809
-62.173697,1000,175577.69566
-66.761486,1000,175632.045262
-185.774157,1000,175678.493118
-71.546138,1000,175727.176701
-115.31527,1000,175773.163427
-87.771198,1000,176070.307337
-157.63573,1000,176117.001967
-263.465798,1000,176163.372939
-62.844628,1000,176225.643948
-61.851036,1000,176276.321874
-101.275003,1000,176321.859108
-61.949741,1000,176372.190601
-62.983632,1000,176422.533367
-71.535538,1000,176471.601794
-52.563334,1000,176530.374843
.980903
-62.830656,1000,164017.429926
-9.111436,175,164029.183241
-36.146819,1000,164085.090827
-85.766309,1000,164132.955984
-5.582655,96,164138.711147
-63.067609,1000,164201.957743
-182.187004,1000,164250.730817
-127.455765,1000,164297.562069
-11.884605,185,164307.827164
-555.930936,1000,164354.813603
-80.561268,1000,164650.229052
-63.28229,1000,164710.140708
-73.192188,1000,164761.063789
-1.900522,25,164762.647522
-90.627166,1000,164811.560403
-42.793067,783,164854.062227
-102.688323,1000,164899.172843
-68.137554,1000,164958.457256
-201.1468,1000,165007.847295
-74.00902,1000,165060.805709
-79.614319,1000,165115.517132
-56.858337,1000,165342.031269
-73.196949,1000,165393.407693
-94.900604,1000,165439.028344
-66.704539,1000,165491.431679
-56.910327,1000,165548.055937
-53.418857,1000,165618.562983
-39.340709,1000,165677.502967
-64.673584,1000,165740.005669
-56.376578,1000,165791.82087
-82.024752,1000,165846.349495
-57.465678,1000,166054.953292
-61.374466,1000,166106.262055
-13.103272,273,166121.535653
-78.835666,1000,166171.55253
-81.497887,1000,166223.785481
-56.152175,1000,166273.657121
-56.64117,1000,166329.502556
-109.419061,1000,166380.908231
-64.378201,1000,166430.170002
-75.997485,1000,166479.950909
-74.371136,1000,166530.595648
-44.967507,1000,166829.262732
-55.480293,1000,166887.113045
-1.856277,40,166890.070398
-59.91623,1000,166941.391858
-541.745799,1000,166987.194368
-69.352905,1000,167036.111014
-62.422876,1000,167086.578478
-53.617132,1000,167139.063102
-2.275814,30,167140.843288
-51.26738,1000,167205.795594
-85.768174,1000,167261.297211
-71.378517,1000,167312.263182
-1.376165,21,167562.426011
-75.509125,1000,167613.573901
-65.529713,1000,167671.654037
-68.012557,1000,167719.033674
-90.12263,1000,167765.522353
-21.374085,365,167784.530656
-85.718138,1000,167833.193938
-98.332682,1000,167879.731998
-522.513033,1000,167923.152808
-97.489357,1000,167972.586109
-48.999182,933,168031.328733
-279.141943,1000,168342.437854
-84.010946,1000,168395.264851
-66.156942,1000,168451.472385
-59.257407,1000,168511.122724
-1.669341,29,168513.12822
-69.365817,1000,168571.359808
-74.282449,1000,168623.75028
-2.340603,28,168625.505615
-82.713149,1000,168681.874018
-133.453421,1000,168729.902116
-77.415033,1000,168777.654002
-559.701887,1000,168822.652939
-53.704991,1000,169047.744246
-50.23594,1000,169097.840075
-78.897279,1000,169146.260744
-73.368716,1000,169195.261109
-73.643102,1000,169249.577624
-64.490779,1000,169298.077553
-141.875337,1000,169346.574372
-70.728307,1000,169405.858554
-624.030523,1000,169451.227962
-52.073792,1000,169505.958393
-85.113044,1000,169781.997501
-93.259358,1000,169828.383926
-1.200739,20,169829.758928
-83.864228,1000,169878.091479
-92.504031,1000,169924.203634
-64.565222,1000,169989.780684
-410.668594,1000,170038.073133
-58.346497,1000,170089.882078
-56.732876,1000,170141.024025
-1.674483,49,170145.316917
-62.71256,1000,170209.841066
-97.092679,1000,170257.806115
-84.201111,1000,170543.716671
-10.754246,270,170561.945814
-109.538344,1000,170608.73266
-81.39134,1000,170658.443396
-69.459986,1000,170712.05542
-67.178257,1000,170771.611833
-6.687473,109,170778.377585
-58.613352,1000,170845.772243
-63.217132,1000,170892.641501
-53.47342,1000,170943.48573
-28.631747,353,170961.353228
-72.882255,1000,171008.926618
-70.320142,1000,171321.850418
-70.037681,1000,171378.255891
-51.267719,1000,171439.837964
-91.887927,1000,171487.544629
-62.902009,1000,171540.369956
-58.888934,1000,171605.279723
-68.800087,1000,171656.068761
-49.834904,1000,171708.641668
-11.386633,160,171718.719117
-62.277253,1000,171767.377457
-58.36099,1000,171821.614578
-62.407379,1000,172108.711496
-61.775755,1000,172167.915634
-6.264173,113,172175.503343
-127.479597,1000,172220.815662
-67.586364,1000,172277.570115
-90.557027,1000,172324.314607
-72.981478,1000,172373.702907
-71.671543,1000,172431.744324
-409.876194,1000,172481.845978
-56.710396,1000,172554.908637
-17.884865,1000,172649.189945
-79.050837,1000,172956.712193
-2.601323,28,172958.357583
-84.103643,1000,173005.903319
-93.914667,1000,173051.788169
-223.968683,1000,173099.104764
-11.152361,150,173107.116568
-2.787541,34,173109.241566
-159.396438,1000,173154.881501
-68.655236,1000,173203.833394
-10.140955,234,173219.652015
-43.833523,1000,173271.090472
-2.582679,38,173273.674974
-8.290462,160,173283.875713
-98.589339,1000,173331.438762
-6.860297,96,173336.495985
-57.536853,1000,173390.169496
-65.858923,1000,173694.047941
-12.293028,231,173707.98695
-47.82373,813,173749.134299
-54.528539,1000,173802.662944
-6.526183,108,173809.875209
-23.439007,497,173849.416456
-55.262684,1000,173900.182275
-82.412756,1000,173950.397496
-53.175591,1000,174001.216501
-307.288484,1000,174058.086192
-153.27006,1000,174107.53911
-66.864951,1000,174156.535855
-71.679449,1000,174204.607479
-74.077754,1000,174474.776391
-77.01246,1000,174524.206203
-58.716944,1000,174584.651254
-56.632239,1000,174652.314674
-54.952647,1000,174704.493872
-70.477912,1000,174753.08547
-102.043442,1000,174801.980953
-100.46079,1000,174851.302824
-454.513107,1000,174897.313404
-36.943528,1000,174961.356907
-62.88298,1000,175206.79092
-84.678737,1000,175253.475176
-11.700201,204,175267.478027
-15.236475,336,175289.529227
-6.091124,108,175295.897606
-43.228152,1000,175346.868775
-153.707904,1000,175395.431336
-101.199145,1000,175443.250635
-39.52094,1000,175497.970668
-72.821294,1000,175554.557036
-8.484055,147,175563.527294
-70.027218,1000,175613.225279
-7.268289,145,175622.858738
-67.689659,1000,175671.123276
-65.813204,1000,175976.870443
-81.704142,1000,176027.923276
-69.678943,1000,176081.439875
-90.86327,1000,176127.301633
-55.369614,1000,176187.84529
-69.046407,1000,176237.491439
-64.61925,1000,176295.386751
-57.863921,1000,176356.743257
-63.912885,1000,176408.121731
-11.421668,280,176426.886769
-13.195448,216,176439.934903
-73.167121,1000,176696.741647
-100.699423,1000,176742.274462
-7.731977,103,176747.640576
-9.752305,181,176758.646074
-62.698619,1000,176806.569434
-50.014214,1000,176871.90985
-77.639136,1000,176925.908636
-132.196071,1000,176973.04375
-57.06716,1000,177024.498151
-2.972889,37,177026.824817
-122.841828,1000,177072.4234
-44.902437,720,177119.092376
-61.129836,1000,177173.018882
-56.019009,1000,177456.977794
-90.211992,1000,177506.250932
-91.378255,1000,177551.589784
-2.552124,29,177553.376318
-65.393004,1000,177614.636329
-72.082294,1000,177662.5207
-69.385336,1000,177709.269971
-99.280064,1000,177756.096209
-128.833594,1000,177819.957125
-62.925752,1000,177872.070229
-61.000938,1000,177935.203886
-70.684659,1000,178099.116952
-10.781372,238,178113.860245
-1.771731,27,178115.523984
-70.273197,1000,178165.526069
-1.323541,22,178167.075031
-65.275774,1000,178227.060995
-106.568782,1000,178272.129074
-52.149147,1000,178323.156406
-52.379366,1000,178382.701614
-104.277452,1000,178437.557345
-79.389005,1000,178482.926384
-73.330215,1000,178538.782006
-75.956177,1000,178586.42472
-8.609773,164,178595.910846
-68.802336,1000,178810.048149
-88.804406,1000,178858.942766
-27.53538,639,178899.151871
-94.227883,1000,178944.912046
-63.741489,1000,178991.093742
-51.601062,1000,179062.068021
-11.25891,150,179071.033645
-60.752747,1000,179117.928642
-74.249502,1000,179166.642314
-283.292908,1000,179226.176454
-78.695507,1000,179275.03764
-53.822866,1000,179496.409952
-61.315026,1000,179545.17856
-78.41111,1000,179603.282762
-87.58209,1000,179649.168674
-67.767623,1000,179697.579018
-59.572305,1000,179754.681976
-46.253052,1000,179827.429541
-3.728263,56,179831.155672
-82.985273,1000,179886.650865
-76.661778,1000,179933.627842
-63.101555,1000,179987.006079
-60.408085,1000,180279.13972
-37.239958,1000,180333.88649
-83.209915,1000,180381.719243
-5.676205,98,180389.134598
-80.219823,1000,180438.719342
-59.703021,1000,180491.215182
-101.49311,1000,180539.711207
-61.729549,1000,180586.604576
-26.701666,1000,180656.100994
-82.319504,1000,180704.551426
-66.835351,1000,180760.945465
-56.300375,1000,180959.73436
-47.820303,603,180989.496685
-8.435249,176,181001.312751
-64.575483,1000,181050.858119
-61.676559,1000,181108.992899
-416.045952,1000,181160.702821
-99.460766,1000,181210.846602
-71.163819,1000,181259.629981
-66.285057,1000,181312.320747
-80.879483,1000,181361.611321
-59.030895,1000,181413.959384
-99.275066,1000,181704.113665
-58.702413,1000,181762.022629
-53.429162,1000,181810.832428
-52.056747,1000,181862.765908
-66.87363,1000,181912.810736
-94.677176,1000,181956.741112
-138.348957,1000,182008.699966
-57.899032,1000,182058.605134
-2.834703,35,182060.819111
-76.217765,1000,182112.306151
-114.646994,1000,182164.600144
-60.918579,1000,182452.855765
-85.598758,1000,182506.133054
-39.623014,1000,182570.481978
-77.771994,1000,182618.235035
-64.679505,1000,182668.870748
-57.546149,1000,182718.092565
-84.96006,1000,182763.711699
-174.380782,1000,182810.513134
-56.368214,1000,182862.960949
-530.106799,1000,182905.139912
-71.010235,1000,183171.869403
-77.471171,1000,183221.019858
-6.391336,103,183226.624178
-97.720485,1000,183273.892097
-59.851134,1000,183327.400661
-96.937086,483,183351.119453
-73.482035,1000,183396.43985
-53.441501,1000,183446.674266
-94.432354,1000,183491.543438
-66.381395,1000,183543.847188
-72.953225,1000,183593.629115
-96.702415,1000,183777.708191
