gripper_x,gripper_y,gripper_z,closest_x,closest_y,closest_z,collision_penalty,total_reward,num_achieved_subgoals,done,timestep,episode
0.24082488330800458,0.5422752298201045,0.7933206009956466,0.14387844613638576,0.38788042716372806,0.821967891461696,-1000.0,-0.7230388485526602,0,False,27300,59
-0.008356896794824993,-0.06030645875444895,1.1558806769807266,-0.060923234942105456,-0.127197687131646,0.8259678185927278,-915.1199195063914,-0.5982770686485133,0,False,28100,61
-0.008356896794824993,-0.06030645875444895,1.1558806769807266,-0.042491407680527234,-0.1155477734626814,0.8398077958623674,-1000.0,-0.5982770686485133,0,False,28100,61
-0.13330470102128425,0.015030564538380142,0.9825821953168679,-0.16469697140638845,-0.09699567170918202,0.8460798929032525,0,-0.5744812053159882,0,False,28300,61
-0.5403462084868489,0.11363450748844245,1.1281789867128038,-0.4022840508822489,0.24751011215789398,0.8376048931801965,0,-0.7087769308504103,0,False,30700,66
-0.26069773809664176,0.3310658475944431,1.295518184679651,-0.3033714771103222,0.11982427836815884,0.8413546890382644,-49.55544244275847,-0.715556900619712,0,False,31600,68
-0.31510992176435637,0.11515360314203608,0.8921562143441071,-0.33388062749580893,0.1833366726186379,0.8251823017338973,-1000.0,-0.6240319323471706,0,False,33300,72
0.11726243763514468,0.10826966607890773,1.133228452555982,-0.01014599863311781,0.03669404250652013,0.8273754137328873,-355.8320157571739,-0.6189279848847968,0,False,35800,77
0.11726243763514468,0.10826966607890773,1.133228452555982,-0.011981704168816689,-0.030843947318377182,0.8537045768245248,-54.31045146614091,-0.6189279848847968,0,False,35800,77
-0.16989704779085518,-0.0024930633746478165,0.8771558935832222,-0.13877260945059836,-0.03607594970166017,0.8496682514254763,0,-0.5627916943480412,0,False,47100,103
-0.16379483886608912,-0.196113906440955,1.0855861124386326,-0.16112555731029454,-0.41485224079148475,0.8460086854182592,0,-0.596737129196816,0,False,51100,112
-0.08917449031254338,-0.17495526306237713,0.8721011621751456,-0.14900793128730203,-0.21832650203349926,0.847927546555376,0,-0.5392993873892045,0,False,51400,112
-0.10695539130966246,-0.11184072488083216,0.8693803909242803,-0.15586363815754992,-0.11765347847341767,0.8279627892135968,-158.5156306604281,-0.5363280313349956,0,False,51500,112
-0.08051781674896044,0.013084212737499157,0.878964626570102,-0.12156430014355976,-0.004809976321581231,0.8313286996068739,-116.92533506640551,-0.5452775076915957,0,False,51700,112
-0.10563408242420244,-0.03614321453995911,0.8678650997357414,-0.15626065315809332,-0.05127964359722255,0.8306276297152451,-123.6845150470259,-0.5396920989801762,0,False,51800,112
-0.09307523403685752,-0.08183084303475216,0.8898122822570204,-0.14747603903064194,-0.07935207796780998,0.8419953404568147,-63.84244581418389,-0.5325425830305797,0,False,51900,112
-0.015208351783730284,-0.40969433013147755,1.1635492680305586,-0.15365419685764095,-0.40324455951737453,0.8368388090621801,0,-0.6406752600545202,0,False,55900,121
-0.2931444282866525,-0.06698899067984629,0.8424334749491866,-0.3170552906298078,-0.03555353515735695,0.8348240951463844,-91.88870724832923,-0.5907709823397204,0,False,58300,127
-0.2675500191750466,0.342847272200827,0.9198509620760653,-0.13225669992297878,0.27944945235984703,0.8474448848449496,0,-0.6690343762442639,0,False,61300,134
-0.5006060419950927,-0.48100139596946145,0.8286785163309506,-0.3467165925338664,-0.416635582125841,0.8140702417958028,-47.66666183818205,-0.7038509959476572,0,False,62100,136
0.3815972574004655,0.2975361624669455,0.8666821512737312,0.3082934726839356,0.27491110450260536,0.8207636039814885,-1000.0,-0.6779310269216411,0,False,63200,138
-0.4147223325755751,-0.23129658028143674,0.7632321371517514,-0.4145271908608672,-0.26152085645770395,0.798823134934348,-50.37003972164408,-0.6434117185722618,0,False,65400,143
-0.42931120192454064,-0.26645810579545737,0.8650301005878299,-0.38817412770561144,-0.3231486926828263,0.8226550235348428,-475.4123217065248,-0.6469901185558161,0,False,65700,143
-0.15783303285117228,-0.7483015575491536,0.7887926124484135,-0.4021259959413019,-0.3923303504530048,0.8202442335893889,-110.71840946262525,-0.7111072755362349,0,False,65900,143
-0.2419876136311521,-0.38803302734723494,1.1852664677953086,-0.2260648169646768,-0.41141431154476377,0.8354462704460024,0,-0.6585138482546123,0,False,66100,145
-0.5243463136439411,-0.7632012322282484,0.6936087231216115,-0.34703570264890515,-0.21377006403158053,0.8246415594577376,-1000.0,-0.7730532115627973,0,False,66700,145
-0.029607581139481597,-0.1769542390943597,1.2278726933791781,-0.32265980029548214,-0.1701476692174849,0.8372783067325622,-63.442787887565956,-0.6213299362225222,0,False,71200,156
-0.11095530174289803,0.29372334091915386,1.1378185057517476,-0.3297832174901346,-0.17759271802778076,0.8229832085339692,-1000.0,-0.6669699163148315,0,False,72100,158
-0.054851407983454684,-0.6475239782191501,1.0865673686504753,-0.3893220497543165,-0.3204974388739844,0.8450287537739134,0,-0.6902540669440009,0,False,74400,162
-0.2733121047100499,-0.6707344998916751,1.055417258164826,-0.2645164544975695,-0.4065955104495795,0.8216429093780192,-73.6187189450527,-0.716789244353731,0,False,74600,162
-0.18278252378462362,-0.2717341721419256,0.8463590771750475,-0.19672679104251642,-0.3013355902404939,0.8312981135098686,-117.20477387884868,-0.5733074306292749,0,False,75800,165
-0.3688851415893684,-0.5427673934089117,0.9724290474909865,-0.2784971571842271,-0.09766645191936113,0.8146080708713198,-1000.0,-0.6916231895606508,0,False,76200,167
-0.3001563857123647,-0.45272227812331556,0.7749562305019541,-0.2930485818353813,-0.40312005514525484,0.8011380044225673,-324.6714493312129,-0.6547460064722789,0,False,76600,167
-0.15932277990124433,-0.1843119789204372,0.8576810721955577,-0.16294933737114556,-0.1266979250555891,0.8421310778891333,-63.4757333980844,-0.5567298988138255,0,False,77100,169
-0.09793428565673908,-0.3404147836449716,0.9913291368927833,-0.1850240578902524,-0.42387143834523516,0.8341177127339098,0,-0.5953478987852845,0,False,80500,176
-0.7050026815435405,0.3975960244305363,1.084412166385509,-0.38198237303499694,0.2733186690912818,0.8388156321195634,-61.5540402522769,-0.7818494904242377,0,False,82600,180
-0.7339076907567369,0.33860801040222477,0.9014630203685057,-0.37927938430680563,0.30792816646981713,0.8271766551277302,-1000.0,-0.775509148848667,0,False,83300,182
-0.5119499301574036,0.7661566109263397,0.6948663019003004,-0.4011046334988188,0.4000081027801743,0.76466599749421,-93.82546541027658,-0.8278327111380241,0,False,85200,187
-0.3823413647499834,-0.5533687918186486,1.0390370747141529,-0.2530106044989808,-0.3931930466995592,0.8206293985866119,-291.17670586250085,-0.7028884970008983,0,False,89400,195
-0.3554622951860976,-0.48382510865787826,1.037490003272174,-0.3702654880804893,-0.23080102122960078,0.8451149913374596,0,-0.679091896268311,0,False,91300,200
-0.607800834460549,0.4301323862484792,1.0258717760787095,-0.38497099529968665,0.3687289296207609,0.8248412937896723,-991.755134198462,-0.7661136567640976,0,False,96200,211
-0.42003129317829957,0.25152903533864107,0.86350283866029,-0.37365170847661894,0.32100965914978197,0.8447808267846042,0,-0.6774287158791692,0,False,96400,211
-0.34988272534166254,-0.7284239361070873,0.8043212634105005,-0.2245468277218329,-0.38044272499680337,0.8251511858046835,-1000.0,-0.735264153940904,0,False,97200,213
-0.5387053174920069,-0.5777387507386507,1.0054196258413421,-0.37519884092212885,-0.3953258860449484,0.8378722251977248,-56.94079716796684,-0.7361580763365274,0,False,97300,213
-0.2555311274398824,-0.11091547441026166,1.1204662364131395,-0.07022094685266911,-0.1726353923228711,0.8477135552502427,0,-0.6154967139107187,0,False,97800,213
-0.2555311274398824,-0.11091547441026166,1.1204662364131395,-0.035429586266829974,-0.16697783567515143,0.8574707671343477,0,-0.6154967139107187,0,False,97800,213
-0.28992953661180054,0.3536552516873597,1.1131943332355376,-0.28260865502261423,0.4008392952537526,0.8257854654983907,-100.47325628460025,-0.692841428164699,0,False,98100,215
-0.5402518902730066,-0.3229483275451386,1.0729413582976697,-0.3717781431434723,-0.27109262598627193,0.8320242737171342,-170.98641324229206,-0.7024225337920509,0,False,99600,217
-0.3092842253809179,-0.37453787629724317,1.1102876766074112,-0.3501793245524442,-0.19726255591920566,0.8250284566128585,-1000.0,-0.660678457543564,0,False,99700,217
0.050940487215243975,0.34032533512216756,1.2024726443494016,-0.28440106313110997,-0.04767801699299827,0.8372885473585274,-71.46340953319528,-0.6848664665236837,0,False,101100,222
-0.2686037137106233,0.23640302601695123,1.1362552998835576,-0.1870271526367089,0.3755246275042525,0.8318382551682947,-529.3126927106683,-0.6672259614265853,0,False,102400,224
-0.4598619048995728,0.41776520678463186,1.1033048631626035,-0.3180524857288791,0.408963489237558,0.8474808388067637,0,-0.737959913436602,0,False,102500,224
-0.2834770118290443,0.5221149922867202,1.1031851199162324,-0.20930547872327335,0.4024895631680346,0.829492673052526,-72.95423420085203,-0.7365153398327611,0,False,102600,224
-0.48771953491140746,0.4848183887169894,1.0857395725577579,-0.3751483256369574,0.42594663474423855,0.8146110541623458,0,-0.7561179787337908,0,False,102700,224
-0.4551617530315727,0.43880168744988,1.051864134913271,-0.2447100202164024,0.40598655363723324,0.8351709875152374,-48.18065112073971,-0.7371527396666829,0,False,102800,224
-0.497807740659922,-0.3700703114226241,1.1263619155644617,-0.3987770435045766,-0.23708322010643418,0.8332528786057795,-73.84618333109846,-0.7042323100538812,0,False,103800,226
-0.5003458933294436,-0.37186834440656635,1.126184542349337,-0.4007055861798291,-0.23886313421826313,0.8324226113954807,-73.35892026625908,-0.7050052304789546,0,False,103900,226
-0.11016737115625516,-0.04501404979047582,1.1444289752879928,-0.28640987576146193,0.1174840489379615,0.8472436555575541,0,-0.6017540383411601,0,False,104100,228
0.24348499601194762,-0.24519815160702932,0.8716439255541136,0.1998921492622445,-0.253459377318002,0.832297511873876,-75.74206158685709,-0.5926480727447657,0,False,105100,231
-0.20365534123833653,0.7478604706555796,0.7848699550139059,-0.16317465975590748,0.39477675052000083,0.8138539621062743,-238.5501886793504,-0.7828197954105395,0,False,105700,231
-0.22381864637783316,0.31040899445070397,1.1055521798056296,-0.04652606581006465,0.19068527234676635,0.8406314474216009,-51.3190295898833,-0.6759548228235998,0,False,105800,231
0.19984502119266204,-0.043081251627202125,1.149938235055987,0.09267869680366567,0.00320720154981971,0.8302923867850228,-151.07943146654526,-0.6217233201351332,0,False,106200,233
0.19984502119266204,-0.043081251627202125,1.149938235055987,0.039367620177398144,-0.04498926314752186,0.8490254169838499,-80.60923118999041,-0.6217233201351332,0,False,106200,233
0.15999670487973133,-0.2149153131350704,1.1761290895551058,0.030421934553392645,-0.13113627184795804,0.8674068994614877,0,-0.6215508431317146,0,False,106300,233
0.29502904561478654,-0.47012010502483187,0.872738411472293,0.15816939203014704,-0.37646482003035736,0.8304958635276447,-1000.0,-0.6584869493600355,0,False,106400,233
-0.15570511075082,0.17615939194460026,0.8457887363515387,-0.14668062381457447,0.18443022683442722,0.835158425330806,-90.04452523049035,-0.6034222749258804,0,False,107100,235
-0.4913251430437608,-0.5952156907171047,0.8982920213580476,-0.40560383978845904,-0.24094027786735875,0.8303831371495236,-60.76498526278573,-0.7263550659514416,0,False,107400,235
-0.1898735818876548,0.08825772027220632,1.1446650512645253,-0.2939249121920152,0.1373677246139537,0.8436563576937911,0,-0.629090306592124,0,False,108700,237
-0.1898735818876548,0.08825772027220632,1.1446650512645253,-0.037647557092932764,-0.04552253205095285,0.8652785250490113,0,-0.629090306592124,0,False,108700,237
-0.17680958411904973,0.146666154868729,1.115863708065908,-0.2949664667698524,0.08240753282017722,0.8257075112182528,-427.5178850605163,-0.6312418927026857,0,False,108800,237
-0.1772694618389131,0.14688918690859878,1.116092812361762,-0.294856275602716,0.0822241627782022,0.8257356056392104,-424.36718358752984,-0.6313987229968796,0,False,108900,237
0.041488356062027845,-0.27771812019706027,1.1572233004401562,-0.042179202820586424,-0.2229373845956971,0.8306812133952056,-141.97408377810683,-0.6119845198099847,0,False,109400,239
-0.06853865397410076,-0.08192508843747598,0.8924535584236185,-0.09588165477667607,-0.09469603768905548,0.8374909828795385,-78.98485347044063,-0.53146548586183,0,False,110100,242
-0.29645472430488234,0.3733560820156505,1.1767919581955544,-0.4175647510804651,0.2677729102540897,0.8440943366699374,0,-0.7081242951351929,0,False,110300,242
-0.2784200241128676,-0.6052086771316554,0.7770998105839952,-0.41962100587987106,-0.26134058845409114,0.8362560976369012,0,-0.6863222540632096,0,False,110800,242
-0.40359172853025654,0.17405474650212438,0.8872571909086515,-0.37747099598974315,0.15070530671832577,0.8230465002099767,-1000.0,-0.6581716770643431,0,False,112500,246
-0.31238118145392685,-0.5823293295913696,1.0744453081431267,-0.3895788449658958,-0.39330597832149594,0.8310449419745409,-134.38356403074857,-0.6999979152607687,0,False,114700,250
-0.28164047042876394,0.1802904774576405,1.0942658941042491,-0.0817320103407419,0.06374419811603442,0.8476010323484525,0,-0.6524617829623388,0,False,115100,253
0.15757078564412857,0.01769046804315,0.8731160168153809,0.12414396872790064,-0.04376845765904607,0.8364593285096219,-60.8505052322125,-0.5621623397098936,0,False,115200,253
0.04748738321975321,0.3506045590918433,1.1612736731947992,-0.04291227270312683,0.359288965766115,0.8250057402391989,-1000.0,-0.6828002506023669,0,False,115300,253
-0.34463451563510356,0.5222320118217257,1.1300496718437807,-0.38674509986580347,0.38997855971746304,0.8275220688037498,-753.4403325937957,-0.7452135605561416,0,False,116100,255
-0.15795057557974745,0.17449222902035863,1.066074588039801,0.027457092464571835,-0.03471319969390774,0.865530938171945,0,-0.6228974432120266,0,False,117300,257
-0.3916313524970737,0.3043019423202666,1.114317185256091,-0.2996650265500529,0.1550483005092641,0.8188108358453186,-1000.0,-0.7000380020636096,0,False,118300,259
-0.34685360922658315,-0.2410636136166695,0.9310135896031655,-0.4000830410499719,-0.27425521202290004,0.8499383353355527,0,-0.6217703395814805,0,False,119300,261
-0.11295868598161753,0.02920181079103565,1.2336575660395876,-0.3077543742854923,-0.0912990668456635,0.8314391134494568,-186.1223204100593,-0.6374668526334755,0,False,119800,261
0.1931802559106832,-0.2084874434302939,0.8558494017618492,0.16765079476431874,-0.20201058125685348,0.8276499716721725,-163.93493376180504,-0.5787922583477035,0,False,120900,264
-0.03988077985254374,0.1473481145731939,0.954544127303477,-0.29377490678548246,-0.1261367765660261,0.8438918901900353,0,-0.5895766014221017,0,False,123400,270
-0.315912433333132,-0.5324537906500394,1.0243296197929759,-0.4218896628080644,-0.39973704413000055,0.8362469635536072,0,-0.6778473754169728,0,False,124600,272
-0.8856895785477295,-0.23282711989751864,0.7099887204906086,-0.4168251708477274,-0.24659300452157895,0.833190439016833,0,-0.7953890957960165,0,False,124900,272
-0.593727780728136,-0.4116226231266293,1.015410888770029,-0.3804249129139855,-0.28465798319964675,0.8265481382049764,-1000.0,-0.723375565846653,0,False,127900,279
-0.36739937021204855,0.4110678322859205,1.117803117014526,-0.36992166628775003,0.3714535379874924,0.8284275611679337,-1000.0,-0.7217915510619131,0,False,128200,281
-0.4652592086953901,0.4846751298909921,1.0915423154770638,-0.41081430597040675,0.40850048058997174,0.8268723695465947,-48.45125561867012,-0.7544112775917613,0,False,128700,281
-0.5085069461007302,0.6649673629854883,0.923682334937743,-0.409931911442327,0.4188818181510455,0.7519563868296602,0,-0.7929228043799451,0,False,135500,297
-0.4996969909421581,0.34487572631807006,1.057492810228864,-0.2771100163715103,0.3765794132731126,0.8237400687832807,-1000.0,-0.7326166823273981,0,False,135800,297
-0.2489201188844859,-0.026362022597126673,1.1553717081635262,-0.1063399581494758,-0.07712081151758902,0.846149538244298,0,-0.632108404947897,0,False,136100,299
-0.2489201188844859,-0.026362022597126673,1.1553717081635262,-0.07476195628116197,-0.08433675660601582,0.8596527078159126,0,-0.632108404947897,0,False,136100,299
-0.5922716974828819,-0.5500230341799658,0.9440362911595188,-0.41275523312344115,-0.39303371479898486,0.799075792389579,-55.86812885068272,-0.744044250609646,0,False,136500,299
-0.1081768287854778,-0.25776881190834056,0.8316907100994413,-0.1279590163087093,-0.19342965057994135,0.8236493295573416,-321.25151295992464,-0.5669175671440606,0,False,136900,299
-0.42510049222480945,0.5351516475613709,0.7690760894208098,-0.3984758652378629,0.38961971907502985,0.7948343517988133,-213.2553723623222,-0.7452824223631568,0,False,137300,301
-0.17553430527248992,-0.557187379585574,1.0339539264480906,-0.39775116182787285,-0.4048072862714426,0.831121634516452,-64.45685584192488,-0.6738441252401486,0,False,138700,303
-0.38077795795347624,-0.4105052105881244,0.727367787090032,-0.42021490006079054,-0.35802589004031965,0.7548209017217145,0,-0.6651259691268009,0,False,139600,305
-0.3668120426541931,-0.36892165703200697,0.7593713396515724,-0.35856785687756554,-0.3841625446250528,0.7629840223803777,-176.1394953109959,-0.6502662583487852,0,False,139700,305
-0.3709304613883977,-0.37434887204186584,0.7682955274493674,-0.3617936088420957,-0.39022204230920815,0.7695483942247077,-768.5978484949774,-0.6518119505116277,0,False,139800,305
-0.09321214950840788,-0.45466191953561574,1.1454105268761359,-0.15711852576292343,-0.4109325442281218,0.8285748331525427,-52.611379097498734,-0.6473356986555271,0,False,142200,312
-0.6670884057358238,-0.3309332484052305,0.9761921221136444,-0.40196951328089986,-0.24641071982706286,0.8321016606144849,-65.37052091239978,-0.7336309364861775,0,False,142500,312
-0.3663236540260921,-0.75644818913482,0.9672321845689059,-0.26884789337911386,-0.3859647739154579,0.821498564699389,-1000.0,-0.7466414003318264,0,False,144800,316
-0.5853236931689256,-0.5436206342671567,0.9040667516088586,-0.3926384275685326,-0.41400151928015333,0.7554468309041634,0,-0.7399815386802043,0,False,148900,325
-0.11714325655495046,-0.4938642346874958,1.195128304575773,-0.4025026764553574,-0.24709975508852683,0.836597657380057,-47.720221424184295,-0.6807777033904666,0,False,153300,336
-0.06248232778499651,-0.45107807663858046,0.8212033912594348,-0.052152416511606556,-0.4212579427289922,0.812575702095288,-65.91105434539541,-0.6152355115605405,0,False,155300,341
-0.6483799036438146,0.18117406026809676,1.384348724972615,-0.30801951285492696,0.0983020741192033,0.832919974445732,-123.60536017314246,-0.7862299685115741,0,False,161100,354
-0.25524444990100636,0.5792562047912504,0.9383689764706916,-0.390198502458553,0.2963108096042686,0.8351729774122969,-67.0963509874515,-0.7332882956865548,0,False,163100,358
-0.6589785739877685,0.04043882794362838,1.1362215568328997,-0.34726207027201744,0.2013004453356917,0.8256987626871946,-1000.0,-0.7369528422547761,0,False,163300,358
-0.40569057678399334,0.20209063583552733,0.9768905858428263,-0.2748455177403409,-0.0393419976139199,0.845401544888966,0,-0.6732390100121227,0,False,165500,363
-0.40255122675550375,0.26063862761600687,0.8402350131019178,-0.39531911497861244,0.26163070650183157,0.8274013780054085,-168.51323459003768,-0.675335143959043,0,False,165600,363
-0.5186223935874421,0.5280796045244486,1.011423377401765,-0.3980442048880994,0.42756341451701413,0.7648854071244473,0,-0.769410260728459,0,False,168600,369
-0.5149603534556778,0.5271059682589146,1.0144482628412526,-0.3981337310025337,0.42821811006918065,0.765446466149386,0,-0.7681951536828457,0,False,168700,369
-0.5148556070736229,0.5263826789085705,1.0160502362920483,-0.39861535144592036,0.42896889628668217,0.7657527028588809,0,-0.7681038916048953,0,False,168800,369
-0.514790378640332,0.5255396046277588,1.017856438865243,-0.39274184388960776,0.38746384178260634,0.813749501076585,-1000.0,-0.7680662147882205,0,False,168900,369
-0.3931308484699407,-0.3021116641228707,1.1606407581687102,-0.3853337246820998,-0.2357319450222826,0.8497710702035625,0,-0.6738766821268429,0,False,172100,378
-0.038916254224184925,-0.2801812116878261,0.8464308722885614,-0.05034065008581147,-0.33131321141796755,0.8209089935984974,-622.6666608560386,-0.5593399553723959,0,False,172600,378
-0.17703548360241605,-0.46260466296038244,0.7341025571506139,-0.17045275607696014,-0.4068524183492729,0.7771895600870271,-68.8687023228433,-0.6404390754439703,0,False,173500,380
-0.3178448017509081,0.7646749814354733,0.810468404972527,-0.1932662753480089,0.4169655813712532,0.8379962100237931,0,-0.7986377439605019,0,False,177900,389
-0.09532189962056598,0.17019085680067597,1.1630877722479505,-0.00400062970657439,0.26337565699925203,0.8443008726591074,0,-0.6373928072023705,0,False,181800,398
-0.10414491427125733,0.18498811389463435,1.1600654529178391,-0.0087854293665558,0.26807212975029465,0.8407389099481284,-51.248281605338185,-0.6405131061126694,0,False,181900,398
0.0367168284776367,-0.5083615964640353,1.0080263164363361,-0.36670332573027087,-0.22092198273431646,0.8284213138820008,-1000.0,-0.6415434298622756,0,False,187200,411
-0.05977224111735986,-0.14466481892085736,1.0656875631067109,-0.11785530814922854,-0.3212974405739109,0.8204606999261332,-1000.0,-0.5777059187026483,0,False,187300,411
-0.6479047576047652,-0.571956761020062,0.6750657356964563,-0.36998283844899194,-0.42485481120705304,0.7913442417643355,0,-0.7630481827522853,0,False,187600,411
-0.19678359663649847,-0.6479039585001015,1.2085710877327607,-0.36948427309275766,-0.22343843262654156,0.8314209543176184,-1000.0,-0.7116947888571952,0,False,191200,420
-0.4420973484108515,-0.33211958352685983,1.1506317181601637,-0.3072135730681239,-0.14097862386034837,0.8452632238546522,0,-0.6856762983209246,0,False,191600,420
-0.36753061724493746,-0.10252590049528351,1.334151742609621,-0.40297544331082263,-0.2460382215250368,0.8351375687029463,-56.41948329353668,-0.698325889325321,0,False,192400,422
-0.29763003526467574,-0.7106536492059955,0.9632269335038768,-0.23284124264046357,-0.3811767778840948,0.8235022930742982,-1000.0,-0.7265244375915185,0,False,192800,422
0.04827704864915684,-0.2898509061478394,1.204912353014282,-0.3729779269401672,-0.2242647411509712,0.84517678764073,0,-0.6353180403449588,0,False,193300,424
-0.07884428474895055,-0.22704001436706278,1.319441826133778,-0.31350164515064133,0.158478206459466,0.8423104846934253,-48.22375412549015,-0.654992725672407,0,False,193500,424
-0.41680163864644953,-0.320459923726117,1.112933915757566,-0.39851886350539883,-0.4122370936474897,0.827283859972958,-51.856828506853574,-0.676317648929276,0,False,196500,431
-0.48124630269835666,0.6216384587532866,1.072183756002688,-0.3376186327510638,0.40809104123213985,0.8452313744397408,0,-0.790708164968531,0,False,200200,440
-0.3571125196901696,0.7660679153608005,1.0949633412883433,-0.32636757082294626,0.18993548952430883,0.8221816150738294,-1000.0,-0.8192196748220142,0,False,200700,440
-0.25201330596771226,0.1784125450053601,1.1602775323194194,-0.3101195964381859,0.1575536879025881,0.8489740055486121,0,-0.6580600491312362,0,False,203100,446
0.0434981208035051,0.04053134572745021,1.057220524829454,0.061657253735450425,-0.2021837827694557,0.8302578233245628,-140.61393181716733,-0.5796224190908156,0,False,204100,448
0.0434981208035051,0.04053134572745021,1.057220524829454,0.02856537955705258,-0.18957492406965318,0.8536817911359724,0,-0.5796224190908156,0,False,204100,448
-0.1679773854278293,0.43465039942019895,1.163936733769558,-0.1461303808953844,0.39388891488804373,0.8245031531659963,-167.02884068528266,-0.7052724789138137,0,False,204200,448
-0.41124100256393414,0.15048536094247814,1.1392801023398447,-0.3060024115760264,0.09697273802712376,0.8326035985826672,-130.66954047426364,-0.6792943220280554,0,False,204800,448
-0.4428289346033522,0.17293082405369486,1.1616800425588745,-0.3944962410340048,0.15403289036040538,0.8485458225445467,0,-0.696736430318872,0,False,204900,448
-0.19081321001410673,0.0546110205380211,1.1147468552525124,-0.2783936527834612,-0.08379996598794719,0.8472072683894554,0,-0.615651997931553,0,False,207200,455
-0.6660029083536921,-0.4355197566684684,0.9242616301832146,-0.3664460564524147,-0.3960547341272943,0.8454216660158757,0,-0.7420154749702003,0,False,207500,455
-0.4207861839102136,-0.2430182911701019,1.1325814123519509,-0.3629326363823074,-0.0746253963473076,0.8412144438219759,-49.58324273462392,-0.664218798386053,0,False,207700,455
-0.5785962357340244,-0.4495538837148345,1.07837861785795,-0.37113066565933295,-0.3683134267206613,0.8302425578393967,-1000.0,-0.7315759789448839,0,False,207800,455
0.18587503538305264,-0.24558988743137636,1.027519204184918,-0.047621789035267925,-0.32666510889016187,0.8213989031881365,-1000.0,-0.5954794820219036,0,False,210900,462
-0.12242026192466147,-0.19186255119888787,1.0615526909657256,-0.2917708717158899,-0.12261014385030033,0.816706124530609,-1000.0,-0.5836662866724569,0,False,215300,473
-0.6570021871034823,-0.20731099120115146,0.9489507537124399,-0.3475738590712854,-0.21284780456453148,0.8246081084548443,-1000.0,-0.7186354150468903,0,False,215500,473
-0.6648335138466567,-0.21725992353384063,0.942786755734997,-0.3495956157580446,-0.2141140750058992,0.8253678780074268,-1000.0,-0.720663156632148,0,False,215600,473
-0.6612802872784802,-0.22638067993121952,0.9388025926391301,-0.3526387209175358,-0.21476321035609192,0.8255141148434014,-1000.0,-0.7201486169605267,0,False,215700,473
-0.662866625255169,-0.23402193142554106,0.9313604949047656,-0.35569228464144786,-0.220064496717348,0.8258806051220934,-1000.0,-0.7207268052149506,0,False,215800,473
-0.6647324210378089,-0.23992097635062554,0.9222626424105331,-0.35854773048031513,-0.2211587532810284,0.826526707371682,-1000.0,-0.7213309280432447,0,False,215900,473
-0.31653666019531596,-0.16105941426148657,1.1667135364130523,-0.33576445771075614,-0.11223573706206724,0.8227630796838149,-1000.0,-0.6497050425703841,0,False,217700,477
-0.05275693881156539,-0.31098942942582714,1.155652756816127,0.009536179212344106,-0.24654679203136853,0.8260928224057302,-1000.0,-0.6228308083301884,0,False,222400,488
-0.05275693881156539,-0.31098942942582714,1.155652756816127,-0.00031810330451527674,-0.17416546327925161,0.8499328207818254,-53.50310491349747,-0.6228308083301884,0,False,222400,488
-0.10750721085896472,-0.0723007792904376,1.1103795585994942,-0.018663869477582667,-0.2456878486054692,0.8308212903875142,-116.41404024160745,-0.5923333772453387,0,False,222500,488
-0.6022575047031913,-0.595432580570768,1.0790704872118755,-0.387239493083555,-0.23977630161137034,0.8343767072394438,-84.11106661575995,-0.7630175224591148,0,False,223600,490
-0.3398100627028466,0.48213999501447447,0.8797687179937561,-0.35915238296655744,0.21361568768996914,0.826870353874009,-1000.0,-0.718255093973956,0,False,226600,497
-0.4280149258123549,-0.3099271411383233,1.0170906199650647,-0.4089782745267389,-0.25721350535535703,0.8458410730033007,0,-0.6577553224545865,0,False,227600,499
-0.27336506923231496,-0.08963900088711668,0.996837359589517,-0.3428464760661286,-0.15896449368737664,0.8463288732513153,0,-0.601055249062223,0,False,228700,501
-0.3161781108646324,-0.06653459661848997,0.9773106133812693,-0.3096837213661809,-0.15058923312137965,0.8177940025536847,-1000.0,-0.6109455871638446,0,False,228800,501
-0.31588404956428506,-0.06642412842058971,0.9773435098499719,-0.30905561929251607,-0.15071997064461262,0.817756340978953,-1000.0,-0.6108637434307401,0,False,228900,501
-0.5063456297546122,-0.3116466725612841,0.6992457638210136,-0.39048165206268104,-0.2732849469226097,0.8213915498243781,-616.896886811472,-0.6869851276432823,0,False,230200,506
-0.3514984758905218,-0.20977652357915613,1.1130902238532263,-0.22801548791966095,-0.3711680080817389,0.8313969840977589,-1000.0,-0.640618482063417,0,False,230900,506
-0.4359430027794204,0.28295101953449464,0.8567112791971738,-0.4030046268996075,0.3487214300002361,0.8312202930183945,-62.54208298963544,-0.6887687369851125,0,False,232900,510
-0.36826560133756864,-0.1503450289601091,1.0608998857780871,-0.2391056814641006,-0.3814572398201932,0.848001018857708,0,-0.6411150547254958,0,False,233600,512
-0.2947470763293602,-0.21422068024681118,1.112505161673144,-0.39785263039311763,-0.4005367812212063,0.8385240551905564,0,-0.6319233371852031,0,False,233700,512
-0.3935659939484842,-0.3408514824580583,0.911651583681986,-0.4111945683732174,-0.3429188780466379,0.8296965734709574,-50.34809648242374,-0.6548555748960053,0,False,237700,521
-0.5011331576742558,0.11270132373872327,1.1146055853682342,-0.36836186405611565,0.22189685459736833,0.8425372299652675,0,-0.6954400767495488,0,False,238600,523
-0.2734390370414327,-0.3113565349131476,0.8792520347020637,-0.31410759090404095,-0.3157000999521448,0.8210838162230033,-1000.0,-0.609212921329685,0,False,239900,525
-0.72976627017764,0.4365786197086983,0.9374313787148423,-0.4054109739695107,0.41337764920460146,0.8299620066034148,0,-0.7953960904284801,0,False,241700,530
-0.2678134724660087,0.15262590155796685,0.8600118306249416,-0.3417874583556278,0.15352922434303012,0.8462077909571386,0,-0.613794500744824,0,False,241900,530
-0.3899402816151679,0.333954967413615,1.1319227550800213,-0.3322769704758697,0.17873323455630094,0.8236788648406203,-1000.0,-0.70995812783998,0,False,243300,534
-0.3943169237927621,0.3330195354555617,1.1353799393750494,-0.33666296813238944,0.18285194889242742,0.8247949340373205,-1000.0,-0.7110399941488487,0,False,243400,534
-0.39437533881027564,0.33309322678859277,1.1353388604590504,-0.3367234896650442,0.18294512279537192,0.8247504237324993,-1000.0,-0.7110620728403404,0,False,243500,534
-0.3944307818502601,0.333160776504792,1.1353022465254776,-0.3367073156990407,0.18304445051839427,0.8246965890246982,-1000.0,-0.7110822124763599,0,False,243600,534
-0.3945014342368466,0.3332317691044375,1.1352704565429108,-0.3367561746272901,0.1831421653071545,0.8246523896589152,-1000.0,-0.7111068178962603,0,False,243700,534
-0.3945923912123691,0.3333101721920386,1.1352418783840221,-0.33674278774735,0.18326052065610476,0.8246047005242095,-1000.0,-0.7111373288237902,0,False,243800,534
-0.39473812194381,0.3334123776944756,1.135218131011056,-0.33682325379833555,0.183401265904316,0.8245735012062801,-1000.0,-0.7111846811609533,0,False,243900,534
-0.2797161823827284,0.6599439895954707,0.8120274742591952,-0.31656029191952023,0.3081554269633902,0.8219407046952232,-1000.0,-0.7587184319583637,0,False,244500,536
-0.34850303637371666,0.7803553142121272,0.9516112055460794,-0.3817321903014822,0.38882464233895214,0.8227960346863755,-1000.0,-0.8052924157261566,0,False,244600,536
-0.07378441398388529,-0.2581875421860909,1.1856128784827875,-0.3887203187294586,-0.23606133325604509,0.8352762542794412,-79.91187742936604,-0.6221876585649881,0,False,245400,539
-0.30184295988157334,0.20545311907848485,0.8613956003660328,-0.2899563382210751,0.15161898869970664,0.8399991252096612,-69.77028066825368,-0.6371001852830674,0,False,245500,539
-0.4114621142706428,0.3929272881842398,0.8104323714988964,-0.40360082775473066,0.40019978794291117,0.8179859530580613,-294.06991808513175,-0.7104373199018217,0,False,245600,539
-0.2906292525070429,0.19394104731307787,0.8382393305126112,-0.3144446624152164,0.2205389712431199,0.8364197584130258,-83.706485624809,-0.6349210815453458,0,False,246100,541
-0.1487083281802826,0.7028956995863666,1.0251614078594253,-0.24285065841155762,0.39244182092586066,0.8255773279058244,-235.45115687748986,-0.7666744527829916,0,False,246200,541
0.05739928137412363,-0.41275943304614143,0.8679322043873128,0.049386012165453144,-0.4044367725833541,0.8448725012500917,0,-0.5936503101817378,0,False,247500,543
-0.39301269069297484,-0.1951152878897843,0.7577797901222231,-0.34457430634479935,-0.2732298040760001,0.7709853539378574,-1000.0,-0.6301999621034037,0,False,249200,547
-0.41174177014067337,-0.21770815845431513,0.784785280457052,-0.42714861236350976,-0.18307863888750164,0.760083041224413,0,-0.6439215381860176,0,False,249400,547
-0.26933876650420774,-0.47040005027488246,0.8289678062519548,-0.3095516050043445,-0.40702797664329143,0.7720737540278763,-67.13269985020315,-0.6485261663057704,0,False,249800,547
-0.2682321815178921,-0.47088810068643244,0.8279869673096552,-0.30930115260007934,-0.4078885052055576,0.7715462245473033,-64.49520575486461,-0.6484488927812966,0,False,249900,547
-0.414119234870831,0.018439868992655886,0.9643879826712178,-0.3813679285855948,-0.2507367314570302,0.8491124513411608,0,-0.6443520084004911,0,False,250500,550
-0.41742878570272895,0.013837540192189857,0.9619154792096589,-0.38953240091099617,-0.25733508733710425,0.8494894126181298,0,-0.6447858815916845,0,False,250600,550
-0.6469312407512745,0.2513493358157195,1.1723325993056255,-0.3324516998249992,0.1862534400968058,0.8224043714603441,-1000.0,-0.7632135715383523,0,False,253600,556
-0.44716483952947245,0.5364003120781329,0.7847743882035969,-0.3594379206317603,0.21045751798654624,0.830816284343722,-265.9699689431226,-0.7540154964254187,0,False,253900,556
-0.18263210477898595,0.006287731982098054,0.8573821238864425,-0.18331203345457475,0.0017472043366759055,0.8384307740928396,-75.26049881519094,-0.5677607891409637,0,False,254200,558
-0.2794477050772556,0.15921968686397997,0.9695434720658217,-0.25225521269896645,-0.12148774720056861,0.824051698056586,-956.4055040833796,-0.6256631144647076,0,False,256700,563
-0.09274747385713274,0.18164883349708405,0.845964647635362,-0.09153050148734823,0.20401344333819274,0.8311166524895917,-118.8904902657383,-0.5928462108540686,0,False,256900,563
-0.25931695212118033,-0.48746839154161875,0.8758049004465417,-0.35695270345372937,-0.2146259089236401,0.8252150397411508,-1000.0,-0.6497768818868277,0,False,258100,567
-0.3825294783893198,0.08629805375309885,1.0367841100789044,-0.4218370026084989,0.3233774582652353,0.8285177550491934,0,-0.6543247011317491,0,False,258600,567
-0.3671786159948286,-0.3256076847163889,1.1349442685897138,-0.3490484470132647,-0.2063555481028527,0.8392400923519892,-52.69788785961015,-0.665533380708293,0,False,259700,569
0.1330338797667828,-0.30401489343265276,1.2541024761599928,-0.2818095907244901,-0.0711233474607798,0.8383787558419286,-62.985170144702536,-0.6553982106845032,0,False,263500,578
-0.6071862257007578,0.37442141527661066,1.1957521731125027,-0.33863956660091094,0.18941199392451555,0.8244140066315918,-1000.0,-0.7740283031639517,0,False,267500,587
-0.027102413269806724,-0.12490087351163082,0.8934961611600282,-0.023818229513704485,-0.1702217018471075,0.8499450842718497,0,-0.5176547923130581,0,False,271400,596
-0.027102413269806724,-0.12490087351163082,0.8934961611600282,-0.03130418594297803,-0.12093256445770428,0.8625094226366375,-64.00547103805292,-0.5176547923130581,0,False,271400,596
-0.2776006430148976,-0.45448305991759425,0.6986841998228234,-0.40485153040059246,-0.23887067332443512,0.8304914821228924,-63.59427284109723,-0.6523071450044853,0,False,272200,598
-0.30696780894218056,-0.42525373693724106,0.8706404712182851,-0.32273620105156287,-0.41473752766125355,0.8223332318875225,-49.26467204420288,-0.6428850853257593,0,False,273500,600
-0.42259845020415276,-0.11245882956589687,1.0401056450187944,-0.41488154842340186,-0.37262232273814866,0.8315632999125687,0,-0.645859613565754,0,False,277200,609
-0.45641339941424697,-0.09447944095443377,1.0384051665888274,-0.38583791163594444,-0.32865521886435417,0.8232040335408742,-1000.0,-0.6599558687798719,0,False,277300,609
-0.52533774340621,-0.10857387423815872,1.0355717851574733,-0.3850714489451933,-0.3308452228170058,0.8237501056688169,-1000.0,-0.6806331975830755,0,False,277400,609
-0.7987044303558937,-0.24146754274147902,0.7141074363533528,-0.3845662498279504,-0.28751389082048223,0.8238292620057092,-1000.0,-0.7653903188553477,0,False,277900,609
-0.5834274943543074,-0.3047197035782254,0.9753939268007159,-0.3848936945194615,-0.39696713146068713,0.8264027584213207,-247.91295927113435,-0.7079476053676996,0,False,280500,616
-0.5724683860688761,0.5703263061071682,0.7834761872813123,-0.38800022439104287,0.2904360596323563,0.7997056321007557,-1000.0,-0.7852198128038338,0,False,284500,624
-0.3993906782366269,-0.30125523689553846,0.8415969862107211,-0.32953057714165646,-0.2772032828632243,0.8453705128448659,0,-0.6497310906878977,0,False,286300,629
-0.5115411329753311,-0.27291386258483974,0.7503893570739735,-0.3908315181244948,-0.38578047603331317,0.7691399756559446,-1000.0,-0.6779066331385788,0,False,286400,629
-0.5112207541823193,-0.2729818019155627,0.7483674969104839,-0.39075031372258995,-0.38578482645940704,0.7689478151480923,-1000.0,-0.6778865591235115,0,False,286500,629
-0.5112154605038689,-0.2729849326656365,0.7483322482422762,-0.3907506518475218,-0.38578635760294944,0.7689462976136195,-1000.0,-0.677895811569872,0,False,286600,629
-0.5112529894121053,-0.27301735507560637,0.7483378522439152,-0.3907545811841502,-0.3857883919232411,0.7689486929849533,-1000.0,-0.6779103377014509,0,False,286700,629
-0.511244444697155,-0.2730084348562472,0.7483506534585271,-0.39075590096575374,-0.38578852657835583,0.7689515596299483,-1000.0,-0.6779065160790237,0,False,286800,629
-0.5112530135885077,-0.2730125271063207,0.7483743324246619,-0.39075746481872353,-0.38578820437396905,0.7689555519308775,-1000.0,-0.6779075533365975,0,False,286900,629
-0.7893340072551422,-0.4318492149985019,1.0301848062851,-0.34945104843404645,-0.20681666613041802,0.8247445962233184,-1000.0,-0.7834628385770483,0,False,292500,642
-0.25093718467972376,0.5200366774662948,1.1443866964080118,-0.26566447386396286,0.36169559819953356,0.8251508468594952,-1000.0,-0.7334120656647871,0,False,300400,660
-0.23452810371401517,-0.7672590101449069,0.6024295249552555,-0.41779306469496735,-0.4080792569013901,0.8114785662217583,0,-0.7423925066027705,0,False,302200,664
-0.09393308281801434,0.23488361332338795,1.4502406822532574,-0.26899113672530073,0.014745743531489008,0.848564717361149,0,-0.725138585061991,0,False,303200,666
0.08160271117107826,-0.44879098265562195,0.715956172906814,0.025263157616679067,-0.3948281229727767,0.7608372932732124,-111.26191555977348,-0.6221885994298197,0,False,304300,668
-0.11905337347847629,0.33960382894571495,1.152809820851261,-0.11964017482762705,0.19367171544829798,0.8427932377327588,0,-0.6725483051142804,0,False,305100,671
-0.6947476761365021,-0.3995604653688411,0.9360091371054549,-0.4155929616083775,-0.2533775839106577,0.8341910374272833,0,-0.7492141658905304,0,False,305900,671
-0.26203675918635777,-0.10351469306221578,0.8869891789822969,-0.24720935104406527,-0.15172571105489543,0.8423716973294587,-62.835917333323806,-0.584243931190104,0,False,310500,682
-0.1924118681358369,-0.22232816170644987,0.9219929474283479,-0.32210685718712984,-0.29260548833856975,0.8443166801185603,0,-0.5783545819347239,0,False,310700,682
-0.13731108616848048,-0.6234985768783315,0.9344326593769688,-0.3635654356955789,-0.3983551414412783,0.8336063332258264,-67.85282397529562,-0.6768090275177245,0,False,314200,690
-0.274521866472938,-0.3670271267238512,0.9067553929540422,-0.23820810610572707,-0.3253888548384189,0.8472103669512296,0,-0.6302331760478589,0,False,317400,697
-0.24186933250698522,-0.4696016349143037,0.919990167384399,-0.37286086468170704,-0.425694809369315,0.8255962753135614,0,-0.6487171028332562,0,False,317900,697
-0.22876000201500457,0.3782747735513771,0.9056641998120987,-0.2738935937090292,0.4043524612073083,0.833974032424438,-53.07114377660976,-0.6708543647116183,0,False,322800,708
-0.41343077795750033,-0.34329850273677104,0.8070069991361799,-0.3761211744250747,-0.39907698145104864,0.819477802933733,-1000.0,-0.6551924936981315,0,False,325100,715
-0.3988853176725298,0.051084761369764684,1.2190015434179717,-0.3382864939111325,0.18444494115071056,0.823694239899249,-1000.0,-0.6808508801989281,0,False,326100,717
-0.5071023312464813,0.5497792421512575,1.0342206160925698,-0.32804877035478136,0.1721425231205201,0.8225845487960929,-1000.0,-0.777987182489569,0,False,326200,717
-0.3593537980902427,0.3624107796037699,1.1099433271437027,-0.28926062020839305,0.06629854017199174,0.8373645638148818,-70.96688627775934,-0.7078749053987149,0,False,326300,717
-0.28994913418574264,0.33481782292419815,0.9116182623485494,-0.32062780432840093,0.3307971031749916,0.8482792819385666,0,-0.6708331793004758,0,False,326600,717
-0.2780193745405344,-0.7067714996287515,0.4829997664584991,-0.40172408736942306,-0.4133238957730692,0.7623143451148128,-49.63304510970873,-0.7452333500463202,0,False,328500,721
-0.41838602465155394,0.04089987508509406,1.1167621305986275,-0.346172935976983,-0.1316837773422799,0.8398584513231617,-50.15164413778372,-0.668628019058076,0,False,333600,732
-0.39625141966347965,0.024046659479516293,1.1170675386973987,-0.32915775146321713,-0.1470064390671998,0.8355675846211134,-74.5109374903692,-0.6599245916922377,0,False,333700,732
-0.39621672635075156,0.024105337104289325,1.117157604814489,-0.3295618621157032,-0.14718827021789163,0.8356644266845669,-73.8602744874995,-0.659935562895309,0,False,333800,732
-0.3962431201399967,0.024126661704588458,1.117187941857012,-0.32969361133931474,-0.14729117098067993,0.8357244671171801,-73.46174321644445,-0.6599494011911191,0,False,333900,732
-0.5192982767354591,-0.24492062665915484,0.7847658154501408,-0.39270549158723106,-0.3799337109113318,0.769636916648743,-1000.0,-0.6756541289223016,0,False,335400,737
-0.5320574451581062,-0.21986710079171698,0.7516301443842465,-0.41559539641565835,-0.3516738655562743,0.7664439515753806,-48.390531805183585,-0.6766650397039015,0,False,335600,737
-0.5042473800759211,-0.22535445312438107,0.8214947401933695,-0.40983041133959697,-0.3786103395774842,0.808088214531923,-62.79229104592188,-0.6679641401121248,0,False,335700,737
-0.1043547925808504,-0.2474583158239903,0.985690445231091,-0.3114944559529016,-0.0930316613100385,0.8272875346549122,-1000.0,-0.5731396953284063,0,False,336400,739
-0.128005151632616,-0.3091026823050371,0.9776205755086684,-0.31975360457270346,-0.1290696995725553,0.8310461214933139,-159.19247705003625,-0.5887336684807861,0,False,336700,739
-0.13156469581419528,-0.3011101287301317,0.9922141591075134,-0.30370588567409246,-0.14541656271930153,0.8179267210518607,-1000.0,-0.5899137402672219,0,False,336800,739
-0.30153166075817234,-0.546615594502596,0.9324626004362638,-0.41404203682001506,-0.4153434394413982,0.8312985115814117,0,-0.6745361096305644,0,False,338700,743
0.03042210505769149,-0.30598262673243093,1.2697237795532366,-0.2832847613600119,0.01127826746782143,0.8322262744306614,-121.04046035010529,-0.6459460968678882,0,False,338900,743
-0.6950780272391244,0.6331347053786678,0.8321180111591004,-0.4089680994168483,0.40111527026052035,0.8241653327461558,-61.889156038031125,-0.8260010483216971,0,False,339300,745
-0.5333945472373826,0.4339151508972795,1.051965995545093,-0.39724907974740054,0.2322669792167888,0.829002965206247,-120.12634263404398,-0.7516816074545465,0,False,339800,745
-0.1635748121269347,-0.354639728576486,0.9095838803359918,-0.32038112933435337,-0.31125971900801125,0.8182726641373772,-1000.0,-0.5958735531970483,0,False,345500,759
-0.1831081543598465,-0.39688230580260947,0.839767891944676,-0.25447519553584147,-0.4199116612136837,0.8234512516920529,0,-0.6151722692161516,0,False,345600,759
-0.018919027029284025,-0.47740549391473597,0.6524500356463976,-0.35131468353568235,-0.3603556021270053,0.8244693700010218,-1000.0,-0.6480601728572971,0,False,345700,759
-0.01660326435706877,-0.41823552114105444,0.8509978669036596,-0.06627996938517772,-0.3957886186410312,0.7933062703656544,-148.90633212520373,-0.6027006863762069,0,False,345800,759
-0.02166920366260086,-0.400682993862406,0.8271710680393725,-0.06454103226625801,-0.3866432027489331,0.7777525604929032,-1000.0,-0.5977803972196657,0,False,345900,759
-0.19300112617326232,-0.2783492266187404,1.207191129650334,-0.2527170142680173,-0.03369766464569162,0.8496386359609567,0,-0.6494142136161148,0,False,354900,778
-0.2053982033568922,-0.47142084080312724,0.7370640967188498,-0.31348716636972024,-0.40384805891074843,0.8140641148593982,-83.13225844821143,-0.6476793128630047,0,False,358900,787
-0.1166049343009139,-0.24298613240355085,1.034245120052149,-0.37174324036326134,-0.21654656054090987,0.8442929692714719,0,-0.5821372485962132,0,False,362200,796
-0.10778132721705369,-0.08673197500864926,1.2863340522936455,-0.30320216989266907,-0.0771558428145526,0.8316503684180785,-175.1597762547368,-0.6452525213073917,0,False,368300,809
-0.26467507431807874,-0.24992730165365837,0.8484992615380749,-0.25025118191070206,-0.2455086842083955,0.8393372361506528,-71.98651438967347,-0.6009003966959943,0,False,370100,814
-0.023608898245378887,-0.1613995413145972,0.9167709489564468,-0.02449368419338086,-0.13853329185278473,0.8610563165559748,0,-0.5299408629415077,0,False,372500,818
-0.43760938185708886,0.32854164398242947,0.7962388445512237,-0.38451933026163077,0.31774318854939804,0.8202683651870474,-1000.0,-0.6989515632615343,0,False,374500,822
-0.3717520954288668,-0.38565823123453935,0.27657665297543355,-0.39446377092078305,-0.29696809995808854,0.7683173699801308,-179.12116116488804,-0.7421894160812723,0,False,392200,862
-0.23510275721360252,-0.25297984926697936,0.3755650839735879,-0.39564765303117777,-0.3292067170554512,0.7674458081567798,-151.30036249098058,-0.681266306879037,0,False,392300,862
-0.4016203093084468,-0.6622492116929354,0.4439755487415425,-0.3898772248249192,-0.3294088290372088,0.7689868781640203,-471.57653868618553,-0.7634044274927907,0,False,392400,862
-0.0560498828952774,-0.25250683004809454,0.8947843664043017,-0.11679547701911225,-0.25214779152606775,0.842193838902773,0,-0.5566334761809483,0,False,400400,880
-0.28798880069297506,-0.48875975491466994,0.754054010231989,-0.3308616321619841,-0.4241582681607657,0.764301946337481,0,-0.6582507796198808,0,False,400700,880
-0.4196616923554598,-0.33801175182359305,0.8255848764396182,-0.41511128551268356,-0.37878233610412443,0.7804482223327323,-90.30005527595516,-0.6551707607145415,0,False,405500,891
-0.3490939739498259,-0.4264840510115163,1.0423934549866942,-0.3388737207452724,-0.19421242368025762,0.823614125910991,-1000.0,-0.6663762804931888,0,False,410500,902
-0.3054612985404671,-0.42309369614439124,1.063988934433662,-0.3394544705129858,-0.20016981467045905,0.8437705702526827,0,-0.6571947045651514,0,False,410800,902
-0.39015957464876627,-0.46275524113683686,0.9923364116311577,-0.3566604899249776,-0.20356205994611695,0.8235007845302648,-1000.0,-0.6782694791572774,0,False,410900,902
-0.4709282543897453,-0.5863223242464389,0.9544929367953406,-0.39043547672785384,-0.3904420145687015,0.7639897278722783,-529.2104617991113,-0.7191931065854558,0,False,418900,919
-0.3549258884942563,-0.6856959419424317,0.43359322984845905,-0.3896761223989486,-0.3767188296870137,0.769447280437547,-1000.0,-0.7582600690309829,0,False,441500,970
-0.2831316129697923,-0.551940128494586,0.6232697447975994,-0.34812598767463304,-0.21800854691341698,0.8260478001013911,-1000.0,-0.6877218663519915,0,False,445500,979
-0.2804592618024976,-0.5517463468933677,0.6207984266678049,-0.3491351235313596,-0.21871856777436136,0.8262203327579116,-1000.0,-0.6876645763585828,0,False,445600,979
-0.27730387619601826,-0.5504785418535869,0.6183447768165456,-0.35024409292276915,-0.2193631246477313,0.8263765676823699,-1000.0,-0.6871742862124968,0,False,445700,979
-0.2745396832262784,-0.549548513855117,0.61585748092158,-0.3514524230772867,-0.21996570090073128,0.8265889261331048,-1000.0,-0.6868337149918415,0,False,445800,979
-0.27149652409524505,-0.5497098710300871,0.6137319462204507,-0.35270116394383344,-0.22046742917966825,0.8267360444191452,-1000.0,-0.6867176721580769,0,False,445900,979
0.22561866768974317,-0.239334088151559,1.0329670347268058,-0.04689898553450978,-0.28631504450708956,0.849190767201416,0,-0.6023412535744753,0,False,458100,1007
0.1157573343692193,0.14347215562180388,0.924420930602236,0.0417789452769163,0.005873346986719792,0.8419102189890835,0,-0.5904100722930434,0,False,471200,1036
-0.13504585781872125,0.013649520564716383,1.0439840577572954,-0.28780212018351053,-0.10102584267782946,0.8159139413454224,-1000.0,-0.5876307180140031,0,False,475600,1045
-0.4578692890086119,0.016300517068825928,1.1446748658160015,-0.26951375357012686,0.0046178066996935465,0.8440902981110832,0,-0.6793837136837091,0,False,480500,1056
-0.06104565929256378,-0.42697161950214263,0.8915432911020522,-0.07792257897042534,-0.38824042803790726,0.8452567193746489,0,-0.6092251867707275,0,False,481400,1058
0.003985303924315495,-0.19253591345583793,1.1402480388758915,-0.36272411772187557,-0.22386100649921958,0.8290268542720681,-1000.0,-0.5964555914474787,0,False,486300,1069
-0.1962574280681153,0.00958503687376288,1.1207034517931,-0.34507332201542396,-0.13379934944343574,0.849545627374405,0,-0.6173929763803641,0,False,503900,1106
-0.09955973891867148,-0.29137592608904594,1.0124842411154074,-0.3030283258890877,-0.1392631864120967,0.8425438843712276,0,-0.5874762421689383,0,False,522100,1148
-0.10126123934172915,-0.2935373222851949,1.014862157085433,-0.3037004173703624,-0.14128010730819007,0.8429297654143691,0,-0.5886515013377003,0,False,522200,1148
-0.10126904485616972,-0.2935977790342367,1.0148543432406802,-0.3036664619087066,-0.14126093772457285,0.84294600605493,0,-0.5886651934872313,0,False,522300,1148
-0.10124842391716346,-0.2936192219410316,1.0148042787480247,-0.30364616062652583,-0.14123641455824312,0.8429513734063176,0,-0.5886579546247852,0,False,522400,1148
-0.10121904033171139,-0.2936179167813575,1.014750020650095,-0.30363287638008574,-0.14121304888279873,0.8429519198342801,0,-0.5886436044806211,0,False,522500,1148
-0.10118678519373206,-0.2936007592372011,1.0146993744884965,-0.30362494003854656,-0.141191861443179,0.8429492519202711,0,-0.5886259290045858,0,False,522600,1148
-0.1011551468522566,-0.2935734981059559,1.014655016292486,-0.30362130552211386,-0.1411733561055735,0.8429443745913311,0,-0.5886072564762085,0,False,522700,1148
-0.10112617729510903,-0.29354060107832924,1.0146179607281984,-0.3036209788638684,-0.14115766988856726,0.842938106090241,0,-0.5885890062468266,0,False,522800,1148
-0.10110093894181507,-0.29350541966677635,1.0145881792979665,-0.3036230813358423,-0.14114470731753265,0.8429310835164999,0,-0.5885720968628121,0,False,522900,1148
-0.30434126769645936,0.01247510648863595,1.0263416930151161,-0.4020350164595015,-0.2024282051810443,0.8304611962231931,-68.50179818322465,-0.6195714643517657,0,False,557100,1225
-0.30249430868037097,0.011686977056558231,1.0244137078473559,-0.4035527817823987,-0.2035462910967363,0.8308536952676571,-63.76100607864616,-0.618759369896422,0,False,557200,1225
-0.3025861950907845,0.01156235483861491,1.0240583793954943,-0.4035144822102164,-0.2037657177231893,0.8308399388892668,-63.8813822633249,-0.6187145709100476,0,False,557300,1225
-0.302635169430438,0.011449689999016868,1.0236615848193817,-0.40349685833540383,-0.20399285433719985,0.8308331032297485,-63.93803992567489,-0.6186538926552743,0,False,557400,1225
-0.3027117225839473,0.0113437830257732,1.0233075712113777,-0.40344501788202775,-0.20419642895815196,0.8308161851285578,-64.09793690778535,-0.6186138528712419,0,False,557500,1225
-0.302770620196097,0.011249540537821096,1.0229396373594537,-0.4033961549277741,-0.2043964141347862,0.8308008351275614,-64.24791813653982,-0.6185656539623664,0,False,557600,1225
-0.30282175460981164,0.011162098525265576,1.0225750964098674,-0.40334031197129766,-0.20458793465692637,0.8307836384053371,-64.41938006120486,-0.6185105898078408,0,False,557700,1225
-0.3028478592968856,0.011084219703676457,1.0221899944574042,-0.4032912196146265,-0.20478062051263438,0.8307690083480679,-64.56964286439337,-0.6184603138950948,0,False,557800,1225
-0.3028853846855652,0.01097684667455498,1.0218639768888786,-0.403223265787948,-0.20495541174379256,0.8307461980676608,-64.7853448131278,-0.6184007842394268,0,False,557900,1225
-0.2919799726951611,0.3370841982267147,1.010451774363823,-0.34312746603993083,0.38462696440745486,0.8263169030193958,-1000.0,-0.6783484716577078,0,False,561300,1234
-0.2109462600635724,0.09568569941770222,0.8809542159918519,-0.27169799300113917,0.0644794723582479,0.8473489457832386,0,-0.5953562679649984,0,False,571300,1256
